access_id,access_date,emp_id,cousre,chapter
119,2017-10-06 09:09:00,100,oracle-sql,introduction-to-sql-oracle-sql-102
119,2017-10-06 09:09:00,100,informatica,rank-transforamtion-informatica-405
119,2017-10-10 07:03:00,100,oracle-sql,introduction-to-sql-oracle-sql-102
119,2017-10-17 08:48:00,100,informatica,introduction-to-informatica-informatica-392
119,2017-10-17 08:48:00,100,informatica,working-with-files-informatica-394
119,2018-02-04 11:46:00,100,cata-warehouse-concepts,slowly-changing-dimension-scd1
119,2018-02-04 11:52:00,100,cata-warehouse-concepts,introduction-to-dimensional-modeling
119,2018-02-04 12:03:00,100,oracle-plsql,cursor-scenario-customer-grading-par
119,2018-02-04 12:06:00,100,oracle-plsql,cursor-scenario-customer-grading-p
119,2018-02-04 12:10:00,100,sdlc,part-1-sdlc-344
119,2018-02-04 12:14:00,100,rdbms,representing-relationship-in-logical-and
119,2018-02-04 12:28:00,100,rdbms,identifying-entities-assignment-rdbms-49
119,2018-02-04 12:28:00,100,rdbms,entities-and-relationships-assignment-rdbms-50
119,2018-02-04 12:28:00,100,rdbms,visualize-data-assignment-rdbms-51
119,2018-02-04 12:29:00,100,informatica,scd-type-2-informatica-409
119,2018-02-06 05:45:00,100,cognos,difference-between-query-calculation
119,2018-02-06 05:45:00,100,cognos,difference-between-query-calculation
119,2018-02-06 05:45:00,100,cognos,layout-calculation-cognos-470
119,2018-02-09 12:37:00,100,oracle-sql,select-outer-join-oracle-sql-123
119,2018-02-09 12:51:00,100,oracle-sql,select-full-outer-join-oracle-sql-129
119,2018-02-09 14:21:00,100,oracle-sql,select-full-outer-join-oracle-sql-129
136,2017-10-09 09:27:00,101,rdbms,introduction-file
136,2017-10-09 09:36:00,101,rdbms,introduction-file
136,2017-10-09 09:37:00,101,rdbms,introduction-file
136,2017-10-09 09:51:00,101,rdbms,expectation-from-you-file-rdbms-25
152,2017-10-17 05:02:00,102,cognos,creating-filters-and-calculated-columns-cognos
152,2017-10-17 08:18:00,102,oracle-sql,introduction-to-sql-oracle-sql-102
152,2017-10-27 09:28:00,102,oracle-sql,introduction-to-sql-oracle-sql-102
152,2017-10-27 09:31:00,102,oracle-sql,introduction-to-sql-oracle-sql-102
152,2017-11-07 12:27:00,102,oracle-sql,introduction-to-sql-oracle-sql-102
152,2017-11-07 12:37:00,102,cognos,creating-filters-and-calculated-columns-cognos
152,2017-11-09 02:54:00,102,oracle-sql,introduction-to-sql-oracle-sql-102
152,2017-11-09 12:36:00,102,oracle-sql,introduction-to-sql-oracle-sql-102
152,2017-11-09 12:36:00,102,oracle-sql,sql_class_expectation-oracle-sql-103
152,2017-11-09 12:36:00,102,oracle-sql,understanding-oracle-database-connectivity
152,2017-11-09 12:36:00,102,oracle-sql,sql-introduction-and-types-of-sql-statem
152,2017-11-09 12:36:00,102,oracle-sql,introduction_to_application-oracle-sql-106
152,2017-11-09 12:37:00,102,oracle-sql,data-definition-language-oracle-sql-107
152,2017-11-09 12:37:00,102,oracle-sql,data-manipulation-language-customer-oracle-sql-108
152,2017-11-09 12:37:00,102,oracle-sql,writing-simple-select-statements-oracle-sql-109
152,2017-11-09 12:37:00,102,oracle-sql,data-manipulation-language-oracle-sql-110
152,2017-11-09 12:37:00,102,oracle-sql,dml-scenario-phone-plan-oracle-sql-132
152,2017-11-09 12:37:00,102,oracle-sql,writing-simple-select-statements
152,2017-11-09 12:37:00,102,oracle-sql,writing-simple-select-clause
152,2017-11-09 12:37:00,102,oracle-sql,select-statement-dealing-part1-oracle-sql-113
152,2017-11-09 12:37:00,102,oracle-sql,select-statement-dealing-part2-oracle-sql-114
152,2017-11-09 12:37:00,102,oracle-sql,select-statement-subquery-oracle-sql-115
152,2017-11-09 12:37:00,102,oracle-sql,introduction-to-aggregate-functions-part-i
152,2017-11-09 12:37:00,102,oracle-sql,introduction-to-aggregate-functions
152,2017-11-09 12:37:00,102,oracle-sql,group-by-and-having-clause-oracle-sql-118
152,2017-11-09 12:37:00,102,oracle-sql,writing-different-queries-on
152,2017-11-09 12:38:00,102,oracle-sql,group-by-and-having-clause-partii-oracle-sql-120
152,2017-11-15 14:53:00,102,oracle-sql,introduction-to-sql-oracle-sql-102
152,2017-11-15 16:09:00,102,cata-warehouse-concepts,before-you-learn-dw-cata-warehouse-concepts-70
152,2017-11-15 16:10:00,102,rdbms,introduction-file
152,2017-11-16 14:38:00,102,oracle-sql,introduction-to-sql-oracle-sql-102
152,2017-11-16 15:49:00,102,rdbms,introduction-file
152,2017-11-16 15:50:00,102,oracle-sql,introduction-to-sql-oracle-sql-102
152,2017-11-16 15:50:00,102,rdbms,introduction-file
152,2017-11-27 06:34:00,102,oracle-sql,introduction-to-sql-oracle-sql-102
152,2017-11-27 06:34:00,102,cata-warehouse-concepts,before-you-learn-dw-cata-warehouse-concepts-70
152,2017-11-27 06:35:00,102,cata-warehouse-concepts,before-you-learn-dw-cata-warehouse-concepts-70
152,2017-11-27 06:35:00,102,cata-warehouse-concepts,before-you-learn-dw-cata-warehouse-concepts-70
152,2018-02-05 08:54:00,102,oracle-sql,introduction-to-sql-oracle-sql-102
152,2018-02-05 08:55:00,102,oracle-sql,introduction-to-sql-oracle-sql-102
152,2018-02-05 08:56:00,102,oracle-sql,introduction-to-sql-oracle-sql-102
158,2017-10-25 08:45:00,103,cata-warehouse-concepts,before-you-learn-dw-cata-warehouse-concepts-70
158,2017-10-25 08:46:00,103,cata-warehouse-concepts,before-you-learn-dw-cata-warehouse-concepts-70
158,2017-10-25 08:46:00,103,cata-warehouse-concepts,introduction-to-dw-cata-warehouse-concepts-71
158,2017-10-25 08:57:00,103,integration-services,performing-basic-tasks-integration-services-348
158,2017-10-25 08:57:00,103,integration-services,performing-basic-tasks-integration-services-348
158,2017-10-25 08:58:00,103,oracle-sql,introduction-to-sql-oracle-sql-102
158,2017-10-27 08:38:00,103,cata-warehouse-concepts,introduction-to-dw-cata-warehouse-concepts-71
159,2017-11-17 04:40:00,104,oracle-sql,dml-scenario-phone-plan-oracle-sql-132
159,2017-11-17 04:41:00,104,oracle-plsql,introduction-to-pl-sql-oracle-plsql-133
159,2017-11-17 04:42:00,104,oracle-plsql,sample-pl-sql-block-oracle-plsql-134
159,2017-11-17 04:42:00,104,oracle-plsql,cursor-scenario-customer-grading-par
159,2017-11-17 04:44:00,104,rdbms,types-of-databases-file-rdbms-31
229,2017-12-26 12:27:00,105,oracle-sql,introduction-to-sql-oracle-sql-102
229,2017-12-26 12:28:00,105,oracle-sql,sql-and-oracle-quiz-oracle-sql-131
229,2017-12-27 05:48:00,105,oracle-sql,writing-simple-select-clause
229,2017-12-27 09:41:00,105,oracle-sql,sql-introduction-and-types-of-sql-statem
229,2017-12-27 09:52:00,105,oracle-sql,select-statement-dealing-part1-oracle-sql-113
229,2017-12-27 10:03:00,105,oracle-sql,select-statement-dealing-part2-oracle-sql-114
229,2017-12-27 10:05:00,105,oracle-sql,select-statement-subquery-oracle-sql-115
229,2017-12-27 10:05:00,105,oracle-sql,group-by-and-having-clause-oracle-sql-118
229,2017-12-27 10:06:00,105,oracle-sql,select-number-functions-oracle-sql-125
229,2017-12-27 10:20:00,105,oracle-sql,writing-simple-select-statements
229,2017-12-27 10:28:00,105,oracle-sql,select-statement-subquery-oracle-sql-115
229,2018-01-03 15:52:00,105,oracle-sql,data-definition-language-oracle-sql-107
229,2018-01-03 15:53:00,105,oracle-sql,writing-simple-select-clause
229,2018-02-05 05:34:00,105,oracle-plsql,banking-process-scenario-with-deposit
229,2018-02-05 05:44:00,105,oracle-plsql,banking-process-scenario-withdraw-oracle-plsql-140
229,2018-02-05 05:44:00,105,oracle-plsql,banking-process-scenario-with-deposit
229,2018-02-05 05:50:00,105,oracle-plsql,banking-process-scenario-with-deposit
229,2018-02-09 10:56:00,105,oracle-plsql,banking-process-scenario-withdraw-oracle-plsql-140
229,2018-02-09 11:28:00,105,oracle-plsql,banking-process-scenario-minimum-bal
229,2018-02-12 06:28:00,105,oracle-plsql,banking-process-scenario-withdraw-oracle-plsql-140
229,2018-02-12 06:30:00,105,oracle-plsql,banking-process-scenario-with-deposit
229,2018-02-12 06:56:00,105,oracle-plsql,banking-process-scenario-minimum-bal
229,2018-02-19 04:08:00,105,rdbms,introduction-file
229,2018-02-19 06:54:00,105,rdbms,databases-file-rdbms-30
229,2018-02-19 06:55:00,105,rdbms,what-is-data-part-1-file-rdbms-26
229,2018-02-19 07:10:00,105,rdbms,entities-file-rdbms-28
229,2018-02-19 07:23:00,105,rdbms,visualizing-retail-business-file-rdbms-29
229,2018-02-19 07:45:00,105,rdbms,databases-file-rdbms-30
229,2018-02-19 07:57:00,105,rdbms,types-of-databases-file-rdbms-31
229,2018-02-19 09:27:00,105,rdbms,relational-dbms-file-rdbms-32
229,2018-02-19 09:28:00,105,rdbms,rdbms-products-in-the-market-file-rdbms-33
229,2018-02-19 09:38:00,105,rdbms,three-types-of-relationships-file-rdbms-34
229,2018-02-19 09:39:00,105,rdbms,three-types-of-relationships-file-rdbms-34
229,2018-02-19 09:40:00,105,rdbms,entities-and-relationships-example-file-rdbms-35
229,2018-02-19 09:55:00,105,rdbms,primary-key-foreign-key-file-rdbms-38
229,2018-02-19 09:55:00,105,rdbms,visualizing-data-file-rdbms-36
229,2018-02-19 10:10:00,105,rdbms,tables-in-rdbms-file-rdbms-37
229,2018-02-19 11:12:00,105,rdbms,ef-codds-rules-file
229,2018-02-19 11:43:00,105,rdbms,what-is-a-transaction-file-rdbms-40
229,2018-02-19 11:59:00,105,rdbms,what-is-a-transaction-file-rdbms-40
229,2018-02-19 12:05:00,105,rdbms,acid-property-file-rdbms-41
229,2018-02-19 12:07:00,105,rdbms,what-is-a-transaction-file-rdbms-40
229,2018-02-20 05:08:00,105,rdbms,what-is-a-transaction-file-rdbms-40
229,2018-02-20 05:21:00,105,rdbms,acid-property-file-rdbms-41
229,2018-02-20 06:18:00,105,rdbms,conceptual-model-file-rdbms-42
229,2018-02-20 06:40:00,105,rdbms,sample-conceptual-model-file-rdbms-43
229,2018-02-20 06:51:00,105,rdbms,representing-relationship-in-logical-and
229,2018-02-20 07:34:00,105,rdbms,sample-logical-model-file-rdbms-45
229,2018-02-20 08:24:00,105,rdbms,sample-questions-from-business-file-rdbms-46
229,2018-02-20 08:25:00,105,rdbms,next-steps-file-rdbms-47
229,2018-02-20 08:28:00,105,rdbms,show-only-topic-1-rdbms-48
229,2018-02-20 08:28:00,105,rdbms,identifying-entities-assignment-rdbms-49
229,2018-02-20 08:29:00,105,rdbms,rdbms-concepts-assignment-rdbms-52
229,2018-02-20 08:29:00,105,rdbms,project-rdbms-53
229,2018-02-20 08:29:00,105,rdbms,rdbms-concepts-quiz-rdbms-54
229,2018-02-20 08:56:00,105,cata-warehouse-concepts,before-you-learn-dw-cata-warehouse-concepts-70
229,2018-02-22 12:00:00,105,oracle-plsql,cursor-scenario-customer-grading-par
229,2018-02-22 12:11:00,105,oracle-plsql,cursor-scenario-customer-grading-p
229,2018-03-04 12:38:00,105,cata-warehouse-concepts,slowly-changing-dimension-scd1
229,2018-03-27 07:43:00,105,sdlc,part-1-sdlc-344
229,2018-04-18 09:54:00,105,tableau,getting-started
229,2018-04-20 09:46:00,105,tableau,getting-started
245,2018-03-26 09:11:00,106,cata-warehouse-concepts,introduction-to-dw-cata-warehouse-concepts-71
245,2018-03-26 09:14:00,106,cata-warehouse-concepts,introduction-to-dw-cata-warehouse-concepts-71
245,2018-03-26 23:43:00,106,cata-warehouse-concepts,before-you-learn-dw-cata-warehouse-concepts-70
245,2018-03-26 23:44:00,106,cata-warehouse-concepts,before-you-learn-dw-cata-warehouse-concepts-70
245,2018-03-27 00:01:00,106,cata-warehouse-concepts,introduction-to-dw-cata-warehouse-concepts-71
245,2018-03-27 00:13:00,106,cata-warehouse-concepts,differences-between-oltp-and-dw
245,2018-03-27 01:07:00,106,cata-warehouse-concepts,dw-architecture-cata-warehouse-concepts-73
245,2018-03-27 01:07:00,106,cata-warehouse-concepts,definition-of-dw-part-one-cata
245,2018-03-27 02:37:00,106,cata-warehouse-concepts,differences-between-oltp-and-dw
245,2018-03-27 02:37:00,106,cata-warehouse-concepts,dw-architecture-cata-warehouse-concepts-73
245,2018-03-27 02:37:00,106,cata-warehouse-concepts,differences-between-oltp-and-dw
245,2018-03-27 02:46:00,106,cata-warehouse-concepts,differences-between-oltp-and-dw
245,2018-04-05 13:34:00,106,tableau,getting-started
245,2018-04-05 13:49:00,106,tableau,getting-started
245,2018-04-05 13:49:00,106,tableau,creating-sets-and-calculations
245,2018-04-06 05:58:00,106,tableau,top-n-analysis-sorting-tableau
253,2018-02-02 04:25:00,107,rdbms,types-of-databases-file-rdbms-31
253,2018-02-05 09:43:00,107,rdbms,types-of-databases-file-rdbms-31
253,2018-02-05 09:53:00,107,oracle-plsql,cursor-scenario-customer-grading-par
253,2018-02-05 10:03:00,107,oracle-plsql,sample-pl-sql-block-oracle-plsql-134
253,2018-02-12 07:28:00,107,oracle-plsql,exception-handling-oracle-plsql-135
253,2018-02-12 07:31:00,107,oracle-plsql,exception-part-one-oracle-plsql-143
253,2018-02-12 07:39:00,107,oracle-plsql,exception-part-two-oracle-plsql-144
253,2018-04-06 06:25:00,107,integration-services,basic-transformations-integration-services-349
253,2018-04-07 06:12:00,107,integration-services,variables-integration-services-350
253,2018-04-07 13:35:00,107,integration-services,expressions-integration-services-352
253,2018-05-20 13:54:00,107,power-bi,introduction-to-power-bi-power-bi-151
267,2018-01-23 06:39:00,108,tableau,publishing-to-tableau-online-tableau
267,2018-01-23 06:39:00,108,business-objects,components-of-bo-file-business-objects-56
269,2018-01-23 06:38:00,109,micro-strategy,set-qualification-filters-micro-strategy
269,2018-01-23 06:38:00,109,oracle-sql,introduction-to-sql-oracle-sql-102
269,2018-01-23 06:45:00,109,tableau,getting-started
269,2018-01-23 06:47:00,109,cognos,creating-project-and-namespace-cognos-453
269,2018-01-23 07:22:00,109,cognos,creating-project-and-namespace-cognos-453
269,2018-01-23 07:32:00,109,oracle-sql,introduction-to-sql-oracle-sql-102
269,2018-01-23 07:34:00,109,oracle-sql,select-string-function-part-ii-oracle-sql-127
290,2018-03-03 08:30:00,110,cata-warehouse-concepts,definition-of-dw-part-one-cata
290,2018-03-03 08:31:00,110,cata-warehouse-concepts,before-you-learn-dw-cata-warehouse-concepts-70
290,2018-03-03 08:31:00,110,rdbms,introduction-file
290,2018-03-04 07:45:00,110,oracle-sql,introduction-to-sql-oracle-sql-102
290,2018-03-04 07:46:00,110,cata-warehouse-concepts,before-you-learn-dw-cata-warehouse-concepts-70
290,2018-03-04 08:01:00,110,cata-warehouse-concepts,definition-of-dw-part-one-cata
290,2018-04-06 06:28:00,110,business-objects,introduction-to-business-objects-file
290,2018-04-06 06:30:00,110,integration-services,variables-integration-services-350
290,2018-04-06 06:31:00,110,integration-services,variables-integration-services-350
290,2018-04-17 09:53:00,110,integration-services,sequence-containers-and-for-loops-integration
290,2018-04-18 15:59:00,110,cata-warehouse-concepts,introduction-to-dw-cata-warehouse-concepts-71
290,2018-04-18 16:00:00,110,cata-warehouse-concepts,star-and-snowflake-schemas-cata
301,2018-03-27 16:29:00,111,rdbms,entities-and-relationships-example-file-rdbms-35
301,2018-03-29 17:35:00,111,oracle-plsql,introduction-to-pl-sql-oracle-plsql-133
301,2018-03-29 18:28:00,111,rdbms,what-is-data-part-1-file-rdbms-26
301,2018-03-29 18:36:00,111,rdbms,what-is-data-part-2-file-rdbms-27
301,2018-03-29 18:37:00,111,rdbms,what-is-data-part-2-file-rdbms-27
301,2018-03-29 18:37:00,111,rdbms,entities-file-rdbms-28
301,2018-03-29 18:43:00,111,rdbms,visualizing-retail-business-file-rdbms-29
301,2018-03-29 18:47:00,111,rdbms,databases-file-rdbms-30
301,2018-03-29 18:52:00,111,rdbms,types-of-databases-file-rdbms-31
301,2018-03-29 19:05:00,111,rdbms,relational-dbms-file-rdbms-32
301,2018-03-29 19:13:00,111,rdbms,rdbms-products-in-the-market-file-rdbms-33
301,2018-03-29 19:16:00,111,rdbms,three-types-of-relationships-file-rdbms-34
301,2018-03-29 19:16:00,111,rdbms,entities-and-relationships-example-file-rdbms-35
301,2018-03-29 19:20:00,111,cata-warehouse-concepts,difference-between-3rd-nf-and
301,2018-03-29 19:24:00,111,rdbms,visualizing-data-file-rdbms-36
301,2018-03-29 19:33:00,111,rdbms,tables-in-rdbms-file-rdbms-37
301,2018-03-29 19:40:00,111,rdbms,primary-key-foreign-key-file-rdbms-38
301,2018-03-29 19:45:00,111,rdbms,project-rdbms-53
301,2018-03-29 19:45:00,111,rdbms,rdbms-concepts-assignment-rdbms-52
301,2018-03-29 19:45:00,111,rdbms,visualize-data-assignment-rdbms-51
301,2018-03-29 19:50:00,111,rdbms,ef-codds-rules-file
301,2018-03-29 19:51:00,111,rdbms,what-is-a-transaction-file-rdbms-40
301,2018-03-29 20:06:00,111,rdbms,acid-property-file-rdbms-41
301,2018-03-29 20:08:00,111,rdbms,conceptual-model-file-rdbms-42
301,2018-03-29 20:26:00,111,rdbms,sample-conceptual-model-file-rdbms-43
301,2018-03-29 20:29:00,111,rdbms,representing-relationship-in-logical-and
301,2018-03-29 20:43:00,111,rdbms,sample-logical-model-file-rdbms-45
301,2018-03-29 20:46:00,111,rdbms,sample-questions-from-business-file-rdbms-46
301,2018-03-29 20:46:00,111,rdbms,next-steps-file-rdbms-47
301,2018-03-29 20:47:00,111,rdbms,show-only-topic-1-rdbms-48
301,2018-03-29 20:47:00,111,rdbms,show-only-topic-1-rdbms-48
301,2018-03-29 20:47:00,111,rdbms,show-only-topic-1-rdbms-48
301,2018-03-30 08:09:00,111,oracle-plsql,plsql-quiz-oracle-plsql-150
301,2018-04-02 18:17:00,111,integration-services,performing-basic-tasks-integration-services-348
301,2018-04-02 18:17:00,111,integration-services,performing-basic-tasks-integration-services-348
301,2018-04-02 18:18:00,111,integration-services,performing-basic-tasks-integration-services-348
301,2018-04-04 20:17:00,111,cata-warehouse-concepts,introduction-to-dw-cata-warehouse-concepts-71
301,2018-04-04 20:33:00,111,cata-warehouse-concepts,differences-between-oltp-and-dw
301,2018-04-05 13:19:00,111,power-bi,introduction-to-power-bi-power-bi-151
301,2018-04-05 13:20:00,111,cata-warehouse-concepts,introduction-to-dw-cata-warehouse-concepts-71
301,2018-04-05 13:22:00,111,tableau,getting-started
301,2018-04-05 13:22:00,111,integration-services,getting-started-integration-services-347
301,2018-04-06 09:04:00,111,cata-warehouse-concepts,differences-between-oltp-and-dw
301,2018-04-06 09:21:00,111,cata-warehouse-concepts,dw-architecture-cata-warehouse-concepts-73
301,2018-04-06 09:22:00,111,cata-warehouse-concepts,dw-architecture-cata-warehouse-concepts-73
301,2018-04-06 09:22:00,111,cata-warehouse-concepts,definition-of-dw-part-one-cata
301,2018-04-09 05:23:00,111,oracle-sql,introduction-to-sql-oracle-sql-102
301,2018-04-09 05:23:00,111,oracle-sql,sql_class_expectation-oracle-sql-103
301,2018-04-09 05:52:00,111,oracle-sql,sql_class_expectation-oracle-sql-103
301,2018-04-09 05:52:00,111,oracle-sql,sql_class_expectation-oracle-sql-103
301,2018-04-09 05:52:00,111,oracle-sql,sql_class_expectation-oracle-sql-103
301,2018-04-09 05:53:00,111,oracle-sql,introduction-to-sql-oracle-sql-102
301,2018-04-09 06:19:00,111,oracle-sql,introduction-to-sql-oracle-sql-102
301,2018-04-09 06:21:00,111,oracle-sql,introduction-to-sql-oracle-sql-102
301,2018-04-11 19:37:00,111,cata-warehouse-concepts,dw-architecture-cata-warehouse-concepts-73
301,2018-04-11 19:37:00,111,cata-warehouse-concepts,definition-of-dw-part-one-cata
301,2018-04-12 06:07:00,111,cata-warehouse-concepts,definition-of-datawarehouse-part-ii
301,2018-04-12 06:08:00,111,cata-warehouse-concepts,definition-of-dw-part-one-cata
301,2018-04-12 06:08:00,111,cata-warehouse-concepts,definition-of-datawarehouse-part-ii
301,2018-04-12 06:58:00,111,cata-warehouse-concepts,definition-of-datawarehouse-part-iii
301,2018-04-12 10:31:00,111,cata-warehouse-concepts,different-approaches-to-build-dw
301,2018-04-13 05:58:00,111,rdbms,what-is-data-part-1-file-rdbms-26
301,2018-04-13 05:58:00,111,rdbms,sample-logical-model-file-rdbms-45
301,2018-04-18 07:10:00,111,cata-warehouse-concepts,definition-of-datawarehouse-part-ii
301,2018-04-18 07:23:00,111,cata-warehouse-concepts,definition-of-datawarehouse-part-iii
301,2018-04-18 07:37:00,111,cata-warehouse-concepts,different-approaches-to-build-dw
301,2018-04-18 15:38:00,111,oracle-sql,sql_class_expectation-oracle-sql-103
301,2018-04-18 15:40:00,111,oracle-sql,understanding-oracle-database-connectivity
301,2018-04-18 15:47:00,111,oracle-sql,sql-introduction-and-types-of-sql-statem
301,2018-04-19 03:45:00,111,oracle-sql,sql-introduction-and-types-of-sql-statem
301,2018-04-21 05:27:00,111,oracle-sql,understanding-oracle-database-connectivity
301,2018-04-21 06:35:00,111,oracle-sql,sql-introduction-and-types-of-sql-statem
301,2018-04-21 06:45:00,111,oracle-sql,introduction_to_application-oracle-sql-106
301,2018-04-21 06:52:00,111,oracle-sql,data-definition-language-oracle-sql-107
301,2018-04-21 07:01:00,111,oracle-sql,data-manipulation-language-customer-oracle-sql-108
301,2018-04-21 07:01:00,111,oracle-sql,writing-simple-select-statements-oracle-sql-109
301,2018-04-21 07:02:00,111,oracle-sql,data-manipulation-language-oracle-sql-110
301,2018-04-21 07:02:00,111,oracle-sql,dml-scenario-phone-plan-oracle-sql-132
301,2018-04-21 07:02:00,111,oracle-sql,writing-simple-select-statements
301,2018-04-21 07:02:00,111,oracle-sql,writing-simple-select-clause
301,2018-04-21 07:02:00,111,oracle-sql,select-statement-dealing-part1-oracle-sql-113
301,2018-04-21 07:02:00,111,oracle-sql,select-statement-dealing-part2-oracle-sql-114
301,2018-04-21 07:03:00,111,oracle-sql,select-statement-subquery-oracle-sql-115
301,2018-04-21 07:03:00,111,oracle-sql,introduction-to-aggregate-functions-part-i
301,2018-04-21 07:03:00,111,oracle-sql,introduction-to-aggregate-functions
301,2018-04-21 07:03:00,111,oracle-sql,group-by-and-having-clause-oracle-sql-118
301,2018-04-21 07:03:00,111,oracle-sql,writing-different-queries-on
301,2018-04-21 07:03:00,111,oracle-sql,group-by-and-having-clause-partii-oracle-sql-120
301,2018-04-21 07:03:00,111,oracle-sql,sql-simple-join-oracle-sql-121
301,2018-04-21 07:03:00,111,oracle-sql,select-simple-join-partii-oracle-sql-122
301,2018-04-21 07:03:00,111,oracle-sql,select-outer-join-oracle-sql-123
301,2018-04-21 07:03:00,111,oracle-sql,select-date-functions-oracle-sql-124
301,2018-04-21 07:03:00,111,oracle-sql,select-number-functions-oracle-sql-125
301,2018-04-21 07:03:00,111,oracle-sql,select-string-functions-oracle-sql-126
301,2018-04-21 07:03:00,111,oracle-sql,select-string-function-part-ii-oracle-sql-127
301,2018-04-21 07:03:00,111,oracle-sql,select-simple-join-three-tables-oracle-sql-128
301,2018-04-21 07:03:00,111,oracle-sql,select-full-outer-join-oracle-sql-129
301,2018-04-21 07:03:00,111,oracle-sql,select-more-about-joins-oracle-sql-130
301,2018-04-21 07:04:00,111,oracle-sql,sql-and-oracle-quiz-oracle-sql-131
301,2018-04-21 07:04:00,111,oracle-sql,sql-and-oracle-quiz-oracle-sql-131
301,2018-05-02 07:46:00,111,oracle-sql,sql-and-oracle-quiz-oracle-sql-131
301,2018-05-02 12:02:00,111,cata-warehouse-concepts,different-approaches-to-build-dw
301,2018-05-02 12:11:00,111,cata-warehouse-concepts,different-approaches-to-build-dw
301,2018-05-04 08:52:00,111,cata-warehouse-concepts,difference-between-dw-and-data-mart
301,2018-05-04 09:02:00,111,cata-warehouse-concepts,dw-maturity-cata-warehouse-concepts-79
301,2018-05-04 09:17:00,111,cata-warehouse-concepts,dw-maturity-cata-warehouse-concepts-79
301,2018-05-07 07:43:00,111,cata-warehouse-concepts,dw-maturity-cata-warehouse-concepts-79
301,2018-05-07 09:35:00,111,cata-warehouse-concepts,data-granularity-cata-warehouse-concepts-80
301,2018-05-07 09:42:00,111,cata-warehouse-concepts,itroduction-to-etl-extract-transfer-and-load
301,2018-05-07 09:58:00,111,cata-warehouse-concepts,extract-process-in-etl-layer-cata
301,2018-05-07 10:10:00,111,cata-warehouse-concepts,extract-scenarios-in-etl-layer
301,2018-05-07 10:38:00,111,cata-warehouse-concepts,transformation-process-in-etl-layer4
301,2018-05-07 10:51:00,111,cata-warehouse-concepts,different-transformations-in-etl-cata
301,2018-05-07 10:51:00,111,cata-warehouse-concepts,data-modeling-in-dw-systems-cata
301,2018-05-07 12:29:00,111,cata-warehouse-concepts,different-transformations-in-etl-cata
301,2018-05-08 06:43:00,111,cata-warehouse-concepts,loading-process-in-etl-layer-cata
301,2018-05-08 06:59:00,111,cata-warehouse-concepts,loading-process-in-etl-layer-cata
301,2018-05-08 07:00:00,111,cata-warehouse-concepts,data-modeling-in-dw-systems-cata
301,2018-05-08 07:31:00,111,cata-warehouse-concepts,difference-between-3rd-nf-and
301,2018-05-08 07:45:00,111,cata-warehouse-concepts,introduction-to-dimensional-modeling
301,2018-05-08 07:45:00,111,cata-warehouse-concepts,star-and-snowflake-schemas-cata
301,2018-05-09 11:41:00,111,cata-warehouse-concepts,star-and-snowflake-schemas-cata
301,2018-05-09 15:19:00,111,cata-warehouse-concepts,star-and-snowflake-schemas-cata
301,2018-05-10 07:19:00,111,cata-warehouse-concepts,difference-between-3rd-nf-and
301,2018-05-10 07:39:00,111,cata-warehouse-concepts,introduction-to-dimensional-modeling
301,2018-05-10 07:52:00,111,cata-warehouse-concepts,difference-between-3rd-nf-and
301,2018-05-10 12:17:00,111,cata-warehouse-concepts,slowly-changing-dimension-scd1
301,2018-05-14 09:15:00,111,cata-warehouse-concepts,slowly-changing-dimension-scd1
301,2018-05-14 09:15:00,111,cata-warehouse-concepts,introduction-to-dimensional-modeling
301,2018-05-14 09:50:00,111,cata-warehouse-concepts,slowly-changing-dimension-scd1
301,2018-05-14 09:59:00,111,cata-warehouse-concepts,slowly-changing-dimension-scd2
301,2018-05-16 10:03:00,111,cata-warehouse-concepts,dw-fact-table-cata-warehouse
301,2018-05-19 13:32:00,111,cata-warehouse-concepts,dw-fact-table-cata-warehouse
301,2018-05-23 15:17:00,111,cata-warehouse-concepts,before-you-learn-dw-cata-warehouse-concepts-70
301,2018-05-24 00:18:00,111,cata-warehouse-concepts,before-you-learn-dw-cata-warehouse-concepts-70
306,2018-03-29 10:19:00,112,integration-services,conditional-split-and
306,2018-03-29 10:20:00,112,oracle-sql,introduction-to-sql-oracle-sql-102
306,2018-03-29 10:20:00,112,cata-warehouse-concepts,before-you-learn-dw-cata-warehouse-concepts-70
306,2018-03-29 10:21:00,112,business-objects,introduction-to-business-objects-file
306,2018-03-29 11:48:00,112,rdbms,introduction-file
306,2018-04-01 17:10:00,112,rdbms,expectation-from-you-file-rdbms-25
306,2018-04-01 17:10:00,112,rdbms,introduction-file
306,2018-04-01 17:22:00,112,oracle-sql,sql-and-oracle-quiz-oracle-sql-131
306,2018-04-03 05:03:00,112,cata-warehouse-concepts,introduction-to-dimensional-modeling
306,2018-04-03 05:04:00,112,cata-warehouse-concepts,data-modeling-in-dw-systems-cata
306,2018-04-03 05:24:00,112,cata-warehouse-concepts,difference-between-3rd-nf-and
306,2018-04-03 05:28:00,112,cata-warehouse-concepts,before-you-learn-dw-cata-warehouse-concepts-70
306,2018-04-03 05:48:00,112,cata-warehouse-concepts,introduction-to-dw-cata-warehouse-concepts-71
306,2018-04-03 06:01:00,112,cata-warehouse-concepts,differences-between-oltp-and-dw
306,2018-04-03 06:24:00,112,cata-warehouse-concepts,dw-architecture-cata-warehouse-concepts-73
306,2018-04-03 06:24:00,112,cata-warehouse-concepts,dw-architecture-cata-warehouse-concepts-73
306,2018-04-03 06:24:00,112,cata-warehouse-concepts,dw-architecture-cata-warehouse-concepts-73
306,2018-04-03 06:25:00,112,cata-warehouse-concepts,dw-architecture-cata-warehouse-concepts-73
306,2018-04-03 06:52:00,112,cata-warehouse-concepts,dw-architecture-cata-warehouse-concepts-73
306,2018-04-03 06:52:00,112,cata-warehouse-concepts,definition-of-dw-part-one-cata
306,2018-04-03 08:43:00,112,cata-warehouse-concepts,definition-of-dw-part-one-cata
306,2018-04-03 08:43:00,112,cata-warehouse-concepts,definition-of-datawarehouse-part-ii
306,2018-04-03 09:27:00,112,cata-warehouse-concepts,definition-of-datawarehouse-part-iii
306,2018-04-03 09:41:00,112,cata-warehouse-concepts,different-approaches-to-build-dw
306,2018-04-03 09:53:00,112,cata-warehouse-concepts,difference-between-dw-and-data-mart
306,2018-04-03 10:06:00,112,cata-warehouse-concepts,dw-maturity-cata-warehouse-concepts-79
306,2018-04-03 10:19:00,112,cata-warehouse-concepts,data-granularity-cata-warehouse-concepts-80
306,2018-04-03 10:44:00,112,cata-warehouse-concepts,itroduction-to-etl-extract-transfer-and-load
306,2018-04-03 11:01:00,112,cata-warehouse-concepts,extract-process-in-etl-layer-cata
306,2018-04-03 11:16:00,112,cata-warehouse-concepts,extract-scenarios-in-etl-layer
306,2018-04-03 11:20:00,112,cata-warehouse-concepts,extract-scenarios-in-etl-layer
306,2018-04-03 11:21:00,112,cata-warehouse-concepts,extract-scenarios-in-etl-layer
306,2018-04-03 12:03:00,112,cata-warehouse-concepts,transformation-process-in-etl-layer4
306,2018-04-03 12:23:00,112,cata-warehouse-concepts,different-transformations-in-etl-cata
306,2018-04-03 17:03:00,112,cata-warehouse-concepts,data-modeling-in-dw-systems-cata
306,2018-04-03 17:11:00,112,cata-warehouse-concepts,difference-between-3rd-nf-and
306,2018-04-03 17:40:00,112,cata-warehouse-concepts,introduction-to-dimensional-modeling
306,2018-04-03 23:03:00,112,cata-warehouse-concepts,star-and-snowflake-schemas-cata
306,2018-04-03 23:14:00,112,cata-warehouse-concepts,slowly-changing-dimension-scd1
306,2018-04-03 23:25:00,112,cata-warehouse-concepts,slowly-changing-dimension-scd2
306,2018-04-03 23:35:00,112,cata-warehouse-concepts,slowly-changing-dimension-scd3
306,2018-04-03 23:43:00,112,cata-warehouse-concepts,dw-fact-table-cata-warehouse
306,2018-04-04 03:42:00,112,cata-warehouse-concepts,data-modeling-in-dw-systems-cata
306,2018-04-04 03:45:00,112,cata-warehouse-concepts,difference-between-3rd-nf-and
306,2018-04-04 05:40:00,112,cata-warehouse-concepts,slowly-changing-dimension-scd1
306,2018-04-04 06:00:00,112,cata-warehouse-concepts,introduction-to-dimensional-modeling
306,2018-04-04 06:33:00,112,cata-warehouse-concepts,slowly-changing-dimension-scd1
306,2018-04-04 13:05:00,112,cata-warehouse-concepts,data-modeling-in-dw-systems-cata
306,2018-04-04 17:13:00,112,cata-warehouse-concepts,slowly-changing-dimension-scd1
306,2018-04-15 19:24:00,112,oracle-plsql,no-data-found-and-update-dml-oracle-plsql-136
306,2018-04-15 19:24:00,112,oracle-plsql,banking-process-scenario-minimum-bal
306,2018-05-06 11:48:00,112,integration-services,getting-started-integration-services-347
306,2018-05-06 11:52:00,112,integration-services,getting-started-integration-services-347
306,2018-05-07 03:28:00,112,integration-services,lookup-transforms-integration-services-355
306,2018-05-16 04:23:00,112,rdbms,databases-file-rdbms-30
306,2018-05-16 04:24:00,112,rdbms,what-is-data-part-1-file-rdbms-26
306,2018-05-16 05:22:00,112,rdbms,three-types-of-relationships-file-rdbms-34
308,2018-03-29 10:20:00,113,crystal-reports,the-formula-editor-crystal-reports-284
308,2018-03-29 10:20:00,113,power-bi,esri-map-power-bi-193
308,2018-03-29 10:22:00,113,oracle-sql,introduction-to-sql-oracle-sql-102
308,2018-04-01 05:39:00,113,oracle-sql,introduction-to-sql-oracle-sql-102
308,2018-04-03 05:16:00,113,rdbms,introduction-file
308,2018-04-03 05:44:00,113,rdbms,what-is-data-part-1-file-rdbms-26
308,2018-04-03 05:52:00,113,rdbms,what-is-data-part-2-file-rdbms-27
308,2018-04-03 05:53:00,113,rdbms,what-is-data-part-2-file-rdbms-27
308,2018-04-03 05:53:00,113,rdbms,entities-file-rdbms-28
308,2018-04-03 06:04:00,113,rdbms,visualizing-retail-business-file-rdbms-29
308,2018-04-03 06:04:00,113,rdbms,visualizing-retail-business-file-rdbms-29
308,2018-04-03 06:05:00,113,rdbms,databases-file-rdbms-30
308,2018-04-03 06:21:00,113,rdbms,types-of-databases-file-rdbms-31
308,2018-04-03 06:24:00,113,rdbms,types-of-databases-file-rdbms-31
308,2018-04-03 08:45:00,113,rdbms,relational-dbms-file-rdbms-32
308,2018-04-03 08:59:00,113,rdbms,rdbms-products-in-the-market-file-rdbms-33
308,2018-04-03 09:03:00,113,rdbms,three-types-of-relationships-file-rdbms-34
308,2018-04-03 09:03:00,113,rdbms,rdbms-products-in-the-market-file-rdbms-33
308,2018-04-03 09:08:00,113,rdbms,three-types-of-relationships-file-rdbms-34
308,2018-04-03 09:08:00,113,rdbms,entities-and-relationships-example-file-rdbms-35
308,2018-04-03 09:33:00,113,rdbms,visualizing-data-file-rdbms-36
308,2018-04-03 09:49:00,113,rdbms,tables-in-rdbms-file-rdbms-37
308,2018-04-03 10:03:00,113,rdbms,primary-key-foreign-key-file-rdbms-38
308,2018-04-03 10:11:00,113,rdbms,ef-codds-rules-file
308,2018-04-03 10:49:00,113,rdbms,what-is-a-transaction-file-rdbms-40
308,2018-04-03 11:00:00,113,rdbms,acid-property-file-rdbms-41
308,2018-04-03 11:16:00,113,rdbms,conceptual-model-file-rdbms-42
308,2018-04-03 11:49:00,113,rdbms,conceptual-model-file-rdbms-42
308,2018-04-03 12:23:00,113,rdbms,representing-relationship-in-logical-and
308,2018-04-03 12:26:00,113,rdbms,representing-relationship-in-logical-and
308,2018-04-03 13:42:00,113,rdbms,representing-relationship-in-logical-and
308,2018-04-03 14:25:00,113,rdbms,sample-logical-model-file-rdbms-45
308,2018-04-03 14:39:00,113,rdbms,sample-questions-from-business-file-rdbms-46
308,2018-04-05 05:53:00,113,cata-warehouse-concepts,before-you-learn-dw-cata-warehouse-concepts-70
308,2018-04-05 05:57:00,113,cata-warehouse-concepts,introduction-to-dw-cata-warehouse-concepts-71
308,2018-04-05 06:19:00,113,cata-warehouse-concepts,introduction-to-dw-cata-warehouse-concepts-71
308,2018-04-05 06:42:00,113,cata-warehouse-concepts,introduction-to-dw-cata-warehouse-concepts-71
308,2018-04-05 06:44:00,113,cata-warehouse-concepts,before-you-learn-dw-cata-warehouse-concepts-70
308,2018-05-15 15:30:00,113,oracle-sql,introduction-to-sql-oracle-sql-102
308,2018-05-15 15:39:00,113,oracle-sql,writing-different-queries-on
308,2018-05-17 15:10:00,113,oracle-sql,introduction-to-sql-oracle-sql-102
308,2018-05-17 15:11:00,113,oracle-sql,introduction-to-sql-oracle-sql-102
308,2018-05-17 15:14:00,113,oracle-sql,sql-introduction-and-types-of-sql-statem
308,2018-05-17 15:27:00,113,oracle-sql,data-manipulation-language-customer-oracle-sql-108
308,2018-05-17 15:27:00,113,oracle-sql,data-definition-language-oracle-sql-107
310,2018-04-02 15:28:00,114,oracle-sql,introduction-to-sql-oracle-sql-102
310,2018-04-02 15:53:00,114,rdbms,introduction-file
310,2018-04-03 05:43:00,114,cata-warehouse-concepts,before-you-learn-dw-cata-warehouse-concepts-70
310,2018-04-03 05:44:00,114,cata-warehouse-concepts,before-you-learn-dw-cata-warehouse-concepts-70
310,2018-04-03 06:00:00,114,cata-warehouse-concepts,introduction-to-dw-cata-warehouse-concepts-71
310,2018-04-03 06:00:00,114,cata-warehouse-concepts,introduction-to-dw-cata-warehouse-concepts-71
310,2018-04-03 06:18:00,114,cata-warehouse-concepts,before-you-learn-dw-cata-warehouse-concepts-70
310,2018-04-03 06:18:00,114,cata-warehouse-concepts,introduction-to-dw-cata-warehouse-concepts-71
310,2018-04-03 16:01:00,114,cata-warehouse-concepts,introduction-to-dw-cata-warehouse-concepts-71
310,2018-04-03 16:48:00,114,cata-warehouse-concepts,differences-between-oltp-and-dw
310,2018-04-03 16:56:00,114,cata-warehouse-concepts,dw-architecture-cata-warehouse-concepts-73
310,2018-04-03 16:56:00,114,cata-warehouse-concepts,differences-between-oltp-and-dw
310,2018-04-03 16:56:00,114,cata-warehouse-concepts,dw-architecture-cata-warehouse-concepts-73
310,2018-04-03 16:56:00,114,cata-warehouse-concepts,definition-of-dw-part-one-cata
310,2018-04-03 17:07:00,114,cata-warehouse-concepts,definition-of-datawarehouse-part-ii
310,2018-05-15 17:18:00,114,cata-warehouse-concepts,before-you-learn-dw-cata-warehouse-concepts-70
310,2018-05-15 17:32:00,114,cata-warehouse-concepts,introduction-to-dw-cata-warehouse-concepts-71
312,2018-03-30 15:08:00,115,business-objects,introduction-to-business-objects-file
312,2018-03-30 15:18:00,115,cata-warehouse-concepts,before-you-learn-dw-cata-warehouse-concepts-70
312,2018-03-30 15:32:00,115,cata-warehouse-concepts,introduction-to-dw-cata-warehouse-concepts-71
312,2018-04-01 13:36:00,115,oracle-sql,introduction-to-sql-oracle-sql-102
312,2018-04-01 13:38:00,115,rdbms,introduction-file
312,2018-04-01 13:51:00,115,rdbms,expectation-from-you-file-rdbms-25
312,2018-04-03 05:15:00,115,rdbms,introduction-file
312,2018-04-03 05:37:00,115,rdbms,ef-codds-rules-file
312,2018-04-03 05:38:00,115,rdbms,expectation-from-you-file-rdbms-25
312,2018-04-03 05:55:00,115,rdbms,what-is-data-part-1-file-rdbms-26
312,2018-04-03 05:57:00,115,rdbms,what-is-data-part-1-file-rdbms-26
312,2018-04-03 06:02:00,115,rdbms,what-is-data-part-2-file-rdbms-27
312,2018-04-03 06:02:00,115,rdbms,what-is-data-part-2-file-rdbms-27
312,2018-04-03 06:03:00,115,rdbms,entities-file-rdbms-28
312,2018-04-03 06:11:00,115,rdbms,visualizing-retail-business-file-rdbms-29
312,2018-04-03 06:23:00,115,rdbms,databases-file-rdbms-30
312,2018-04-03 08:38:00,115,rdbms,types-of-databases-file-rdbms-31
312,2018-04-03 08:51:00,115,rdbms,relational-dbms-file-rdbms-32
312,2018-04-03 08:53:00,115,rdbms,rdbms-products-in-the-market-file-rdbms-33
312,2018-04-03 09:01:00,115,rdbms,three-types-of-relationships-file-rdbms-34
312,2018-04-03 09:02:00,115,rdbms,three-types-of-relationships-file-rdbms-34
312,2018-04-03 09:03:00,115,rdbms,three-types-of-relationships-file-rdbms-34
312,2018-04-03 09:04:00,115,rdbms,entities-and-relationships-example-file-rdbms-35
312,2018-04-03 09:16:00,115,rdbms,visualizing-data-file-rdbms-36
312,2018-04-03 09:23:00,115,rdbms,tables-in-rdbms-file-rdbms-37
312,2018-04-03 09:27:00,115,rdbms,tables-in-rdbms-file-rdbms-37
312,2018-04-03 09:28:00,115,rdbms,primary-key-foreign-key-file-rdbms-38
312,2018-04-03 09:41:00,115,rdbms,ef-codds-rules-file
312,2018-04-03 10:08:00,115,rdbms,acid-property-file-rdbms-41
312,2018-04-03 10:09:00,115,rdbms,what-is-a-transaction-file-rdbms-40
312,2018-04-03 10:28:00,115,rdbms,acid-property-file-rdbms-41
312,2018-04-03 10:44:00,115,rdbms,conceptual-model-file-rdbms-42
312,2018-04-03 11:01:00,115,rdbms,sample-conceptual-model-file-rdbms-43
312,2018-04-03 11:08:00,115,rdbms,sample-conceptual-model-file-rdbms-43
312,2018-04-03 11:08:00,115,rdbms,representing-relationship-in-logical-and
312,2018-04-03 11:42:00,115,rdbms,sample-logical-model-file-rdbms-45
312,2018-04-03 12:02:00,115,rdbms,sample-questions-from-business-file-rdbms-46
312,2018-04-03 12:03:00,115,rdbms,next-steps-file-rdbms-47
312,2018-04-03 12:05:00,115,rdbms,show-only-topic-1-rdbms-48
312,2018-04-05 05:55:00,115,cata-warehouse-concepts,before-you-learn-dw-cata-warehouse-concepts-70
312,2018-04-05 05:58:00,115,cata-warehouse-concepts,introduction-to-dw-cata-warehouse-concepts-71
312,2018-04-05 06:07:00,115,cata-warehouse-concepts,differences-between-oltp-and-dw
312,2018-04-05 06:34:00,115,cata-warehouse-concepts,dw-architecture-cata-warehouse-concepts-73
312,2018-04-05 06:34:00,115,cata-warehouse-concepts,dw-architecture-cata-warehouse-concepts-73
312,2018-04-05 06:35:00,115,cata-warehouse-concepts,definition-of-dw-part-one-cata
312,2018-04-05 06:49:00,115,cata-warehouse-concepts,definition-of-dw-part-one-cata
312,2018-04-05 06:50:00,115,cata-warehouse-concepts,definition-of-datawarehouse-part-ii
312,2018-04-05 07:02:00,115,cata-warehouse-concepts,definition-of-datawarehouse-part-iii
312,2018-04-08 06:04:00,115,cata-warehouse-concepts,definition-of-datawarehouse-part-iii
312,2018-04-08 06:49:00,115,cata-warehouse-concepts,definition-of-datawarehouse-part-ii
312,2018-04-08 06:53:00,115,cata-warehouse-concepts,different-approaches-to-build-dw
312,2018-04-08 07:13:00,115,cata-warehouse-concepts,difference-between-dw-and-data-mart
312,2018-04-22 05:41:00,115,cata-warehouse-concepts,dw-architecture-cata-warehouse-concepts-73
312,2018-04-22 05:41:00,115,cata-warehouse-concepts,definition-of-datawarehouse-part-ii
312,2018-04-22 05:43:00,115,cata-warehouse-concepts,dw-maturity-cata-warehouse-concepts-79
312,2018-04-22 05:53:00,115,cata-warehouse-concepts,dw-maturity-cata-warehouse-concepts-79
312,2018-04-22 06:11:00,115,cata-warehouse-concepts,difference-between-dw-and-data-mart
312,2018-04-22 06:19:00,115,cata-warehouse-concepts,dw-maturity-cata-warehouse-concepts-79
312,2018-04-22 08:20:00,115,cata-warehouse-concepts,dw-maturity-cata-warehouse-concepts-79
312,2018-04-22 08:21:00,115,cata-warehouse-concepts,data-granularity-cata-warehouse-concepts-80
312,2018-04-22 10:29:00,115,cata-warehouse-concepts,data-granularity-cata-warehouse-concepts-80
312,2018-04-22 10:33:00,115,cata-warehouse-concepts,itroduction-to-etl-extract-transfer-and-load
312,2018-04-22 10:45:00,115,cata-warehouse-concepts,extract-process-in-etl-layer-cata
312,2018-04-22 10:55:00,115,cata-warehouse-concepts,extract-scenarios-in-etl-layer
312,2018-04-22 11:10:00,115,cata-warehouse-concepts,transformation-process-in-etl-layer4
312,2018-04-22 11:23:00,115,cata-warehouse-concepts,different-transformations-in-etl-cata
312,2018-04-22 11:34:00,115,cata-warehouse-concepts,loading-process-in-etl-layer-cata
312,2018-04-22 11:49:00,115,cata-warehouse-concepts,loading-process-in-etl-layer-cata
312,2018-04-22 11:52:00,115,cata-warehouse-concepts,data-modeling-in-dw-systems-cata
312,2018-04-22 12:00:00,115,cata-warehouse-concepts,difference-between-3rd-nf-and
312,2018-04-22 12:13:00,115,cata-warehouse-concepts,introduction-to-dimensional-modeling
312,2018-04-22 12:24:00,115,cata-warehouse-concepts,star-and-snowflake-schemas-cata
312,2018-04-22 12:51:00,115,cata-warehouse-concepts,slowly-changing-dimension-scd1
312,2018-05-05 07:46:00,115,integration-services,lookup-transforms-integration-services-355
314,2018-04-02 05:37:00,116,rdbms,introduction-file
314,2018-04-02 06:41:00,116,rdbms,ef-codds-rules-file
314,2018-04-02 06:59:00,116,business-objects,introduction-to-business-objects-file
314,2018-04-02 07:05:00,116,business-objects,components-of-bo-file-business-objects-56
314,2018-04-03 04:31:00,116,cata-warehouse-concepts,before-you-learn-dw-cata-warehouse-concepts-70
314,2018-04-03 04:59:00,116,cata-warehouse-concepts,introduction-to-dw-cata-warehouse-concepts-71
314,2018-04-03 05:13:00,116,cata-warehouse-concepts,differences-between-oltp-and-dw
314,2018-04-03 05:34:00,116,cata-warehouse-concepts,dw-architecture-cata-warehouse-concepts-73
314,2018-04-03 05:35:00,116,cata-warehouse-concepts,dw-architecture-cata-warehouse-concepts-73
314,2018-04-03 05:35:00,116,cata-warehouse-concepts,definition-of-dw-part-one-cata
314,2018-04-03 05:58:00,116,cata-warehouse-concepts,definition-of-datawarehouse-part-ii
314,2018-04-03 06:12:00,116,cata-warehouse-concepts,definition-of-datawarehouse-part-iii
314,2018-04-03 06:44:00,116,cata-warehouse-concepts,definition-of-datawarehouse-part-ii
314,2018-04-03 06:53:00,116,cata-warehouse-concepts,definition-of-datawarehouse-part-iii
314,2018-04-03 06:57:00,116,cata-warehouse-concepts,different-approaches-to-build-dw
314,2018-04-03 07:17:00,116,cata-warehouse-concepts,difference-between-dw-and-data-mart
314,2018-04-03 07:25:00,116,cata-warehouse-concepts,dw-maturity-cata-warehouse-concepts-79
314,2018-04-03 07:26:00,116,cata-warehouse-concepts,dw-maturity-cata-warehouse-concepts-79
314,2018-04-03 07:47:00,116,rdbms,introduction-file
314,2018-04-03 08:46:00,116,cata-warehouse-concepts,data-granularity-cata-warehouse-concepts-80
314,2018-04-03 09:03:00,116,cata-warehouse-concepts,itroduction-to-etl-extract-transfer-and-load
314,2018-04-03 11:32:00,116,cata-warehouse-concepts,different-approaches-to-build-dw
314,2018-04-04 06:50:00,116,cata-warehouse-concepts,dw-maturity-cata-warehouse-concepts-79
314,2018-04-04 07:16:00,116,cata-warehouse-concepts,data-granularity-cata-warehouse-concepts-80
314,2018-04-04 07:33:00,116,cata-warehouse-concepts,itroduction-to-etl-extract-transfer-and-load
314,2018-04-04 07:51:00,116,cata-warehouse-concepts,extract-process-in-etl-layer-cata
314,2018-04-04 08:48:00,116,cata-warehouse-concepts,extract-process-in-etl-layer-cata
314,2018-04-04 08:59:00,116,cata-warehouse-concepts,extract-process-in-etl-layer-cata
314,2018-04-04 08:59:00,116,cata-warehouse-concepts,itroduction-to-etl-extract-transfer-and-load
314,2018-04-04 09:00:00,116,cata-warehouse-concepts,extract-scenarios-in-etl-layer
314,2018-04-04 09:14:00,116,cata-warehouse-concepts,extract-process-in-etl-layer-cata
314,2018-04-04 09:14:00,116,cata-warehouse-concepts,extract-scenarios-in-etl-layer
314,2018-04-04 09:15:00,116,cata-warehouse-concepts,transformation-process-in-etl-layer4
314,2018-04-04 09:41:00,116,cata-warehouse-concepts,loading-process-in-etl-layer-cata
314,2018-04-04 09:59:00,116,cata-warehouse-concepts,data-modeling-in-dw-systems-cata
314,2018-04-04 10:12:00,116,cata-warehouse-concepts,difference-between-3rd-nf-and
314,2018-04-04 11:09:00,116,cata-warehouse-concepts,introduction-to-dimensional-modeling
314,2018-04-05 09:08:00,116,cata-warehouse-concepts,dw-maturity-cata-warehouse-concepts-79
314,2018-04-05 09:15:00,116,cata-warehouse-concepts,difference-between-3rd-nf-and
314,2018-04-05 09:18:00,116,cata-warehouse-concepts,introduction-to-dimensional-modeling
314,2018-04-05 09:20:00,116,cata-warehouse-concepts,star-and-snowflake-schemas-cata
314,2018-04-05 09:22:00,116,cata-warehouse-concepts,slowly-changing-dimension-scd1
314,2018-04-05 19:01:00,116,cata-warehouse-concepts,slowly-changing-dimension-scd1
314,2018-04-05 19:01:00,116,cata-warehouse-concepts,slowly-changing-dimension-scd2
314,2018-04-05 19:01:00,116,cata-warehouse-concepts,slowly-changing-dimension-scd3
314,2018-04-05 19:02:00,116,cata-warehouse-concepts,dw-fact-table-cata-warehouse
314,2018-04-06 06:32:00,116,cata-warehouse-concepts,slowly-changing-dimension-scd1
314,2018-04-06 06:42:00,116,cata-warehouse-concepts,slowly-changing-dimension-scd2
314,2018-04-06 07:00:00,116,power-bi,introduction-to-dax-power-bi-238
314,2018-04-09 17:07:00,116,power-bi,basic-transformations-power-bi-156
314,2018-04-09 17:07:00,116,power-bi,splitting-columns-power-bi-158
314,2018-04-09 17:07:00,116,power-bi,working-with-dates-power-bi-160
314,2018-04-09 17:11:00,116,power-bi,enter-data-power-bi-168
314,2018-04-09 17:11:00,116,power-bi,create-calculated-columns-power-bi-172
314,2018-04-09 17:12:00,116,power-bi,introduction-to-dax-power-bi-238
314,2018-04-09 17:16:00,116,power-bi,enter-data-power-bi-168
314,2018-04-09 17:17:00,116,power-bi,query-parameters-power-bi-169
314,2018-04-09 17:44:00,116,power-bi,calculated-tables-power-bi-176
314,2018-04-09 17:47:00,116,oracle-sql,introduction-to-sql-oracle-sql-102
317,2018-04-04 06:35:00,117,power-bi,introduction-to-power-bi-power-bi-151
317,2018-04-04 06:36:00,117,rdbms,what-is-data-part-1-file-rdbms-26
320,2018-04-12 14:33:00,118,power-bi,connect-to-an-access-database-power-bi-155
320,2018-04-14 14:33:00,118,power-bi,connect-to-an-access-database-power-bi-155
320,2018-04-14 14:33:00,118,oracle-sql,introduction-to-sql-oracle-sql-102
320,2018-04-14 15:20:00,118,oracle-sql,introduction-to-sql-oracle-sql-102
320,2018-04-14 15:28:00,118,power-bi,connect-to-an-access-database-power-bi-155
320,2018-04-14 15:28:00,118,rdbms,introduction-file
320,2018-04-14 15:29:00,118,rdbms,introduction-file
325,2018-04-18 11:49:00,119,rdbms,introduction-file
325,2018-04-18 12:01:00,119,rdbms,expectation-from-you-file-rdbms-25
325,2018-04-18 23:04:00,119,rdbms,what-is-data-part-1-file-rdbms-26
325,2018-04-18 23:56:00,119,rdbms,what-is-data-part-1-file-rdbms-26
325,2018-04-19 00:02:00,119,rdbms,what-is-data-part-2-file-rdbms-27
325,2018-04-19 00:03:00,119,rdbms,what-is-data-part-2-file-rdbms-27
325,2018-04-19 00:03:00,119,rdbms,entities-file-rdbms-28
325,2018-04-19 00:11:00,119,rdbms,visualizing-retail-business-file-rdbms-29
325,2018-04-19 00:46:00,119,rdbms,databases-file-rdbms-30
325,2018-04-19 00:56:00,119,rdbms,types-of-databases-file-rdbms-31
325,2018-04-19 01:00:00,119,rdbms,types-of-databases-file-rdbms-31
325,2018-04-19 01:13:00,119,rdbms,relational-dbms-file-rdbms-32
325,2018-04-19 05:11:00,119,rdbms,relational-dbms-file-rdbms-32
325,2018-04-19 05:24:00,119,rdbms,rdbms-products-in-the-market-file-rdbms-33
325,2018-04-19 05:33:00,119,rdbms,three-types-of-relationships-file-rdbms-34
325,2018-04-19 05:34:00,119,rdbms,entities-and-relationships-example-file-rdbms-35
325,2018-04-19 05:34:00,119,rdbms,three-types-of-relationships-file-rdbms-34
325,2018-04-19 05:34:00,119,rdbms,entities-and-relationships-example-file-rdbms-35
325,2018-04-19 05:46:00,119,rdbms,visualizing-data-file-rdbms-36
325,2018-04-19 06:25:00,119,rdbms,ef-codds-rules-file
325,2018-04-24 01:09:00,119,rdbms,primary-key-foreign-key-file-rdbms-38
325,2018-04-24 01:57:00,119,rdbms,primary-key-foreign-key-file-rdbms-38
325,2018-04-24 02:08:00,119,rdbms,ef-codds-rules-file
325,2018-05-08 09:32:00,119,cognos,creating-project-and-namespace-cognos-453
325,2018-05-14 17:12:00,119,cata-warehouse-concepts,before-you-learn-dw-cata-warehouse-concepts-70
325,2018-05-15 00:24:00,119,cata-warehouse-concepts,introduction-to-dw-cata-warehouse-concepts-71
325,2018-05-15 00:34:00,119,cata-warehouse-concepts,differences-between-oltp-and-dw
325,2018-05-15 00:53:00,119,cata-warehouse-concepts,dw-architecture-cata-warehouse-concepts-73
325,2018-05-15 00:53:00,119,cata-warehouse-concepts,dw-architecture-cata-warehouse-concepts-73
325,2018-05-15 00:53:00,119,cata-warehouse-concepts,definition-of-dw-part-one-cata
325,2018-05-15 07:19:00,119,cata-warehouse-concepts,definition-of-dw-part-one-cata
325,2018-05-15 07:19:00,119,cata-warehouse-concepts,definition-of-datawarehouse-part-ii
325,2018-05-15 07:32:00,119,cata-warehouse-concepts,definition-of-datawarehouse-part-iii
325,2018-05-15 07:53:00,119,cata-warehouse-concepts,different-approaches-to-build-dw
325,2018-05-16 00:17:00,119,cata-warehouse-concepts,difference-between-dw-and-data-mart
325,2018-05-16 00:29:00,119,cata-warehouse-concepts,different-approaches-to-build-dw
325,2018-05-16 00:37:00,119,cata-warehouse-concepts,dw-maturity-cata-warehouse-concepts-79
325,2018-05-16 02:34:00,119,cata-warehouse-concepts,definition-of-dw-part-one-cata
325,2018-05-16 02:36:00,119,cata-warehouse-concepts,definition-of-datawarehouse-part-ii
325,2018-05-16 16:50:00,119,cata-warehouse-concepts,dw-maturity-cata-warehouse-concepts-79
325,2018-05-16 16:51:00,119,cata-warehouse-concepts,difference-between-dw-and-data-mart
325,2018-05-16 17:02:00,119,cata-warehouse-concepts,dw-maturity-cata-warehouse-concepts-79
325,2018-05-17 17:10:00,119,cata-warehouse-concepts,dw-maturity-cata-warehouse-concepts-79
325,2018-05-17 17:22:00,119,cata-warehouse-concepts,data-granularity-cata-warehouse-concepts-80
325,2018-05-17 23:10:00,119,cata-warehouse-concepts,itroduction-to-etl-extract-transfer-and-load
325,2018-05-18 00:12:00,119,cata-warehouse-concepts,extract-process-in-etl-layer-cata
325,2018-05-18 03:25:00,119,cata-warehouse-concepts,dw-maturity-cata-warehouse-concepts-79
325,2018-05-18 03:26:00,119,cata-warehouse-concepts,data-granularity-cata-warehouse-concepts-80
325,2018-05-18 03:26:00,119,cata-warehouse-concepts,itroduction-to-etl-extract-transfer-and-load
325,2018-05-18 03:27:00,119,cata-warehouse-concepts,dw-maturity-cata-warehouse-concepts-79
325,2018-05-18 03:36:00,119,cata-warehouse-concepts,itroduction-to-etl-extract-transfer-and-load
325,2018-05-24 23:17:00,119,cata-warehouse-concepts,itroduction-to-etl-extract-transfer-and-load
325,2018-05-24 23:30:00,119,cata-warehouse-concepts,extract-process-in-etl-layer-cata
325,2018-05-24 23:41:00,119,cata-warehouse-concepts,extract-scenarios-in-etl-layer
325,2018-05-25 23:32:00,119,tableau,getting-started
325,2018-05-26 00:47:00,119,tableau,dynamic-calculation-tableau
325,2018-05-26 00:47:00,119,tableau,histograms-using-bins-tableau
325,2018-05-26 03:59:00,119,tableau,getting-started
325,2018-05-26 05:29:00,119,tableau,getting-started
325,2018-05-26 05:29:00,119,tableau,creating-sets-and-calculations
325,2018-05-27 06:49:00,119,tableau,getting-started
325,2018-05-27 06:49:00,119,tableau,top-n-analysis-sorting-tableau
325,2018-05-27 06:49:00,119,tableau,tableau-architecture-and-product-suite-details-tab
325,2018-05-27 06:55:00,119,tableau,top-n-analysis-sorting-tableau
325,2018-05-27 06:55:00,119,tableau,tableau-architecture-and-product-suite-details-tab
325,2018-05-27 07:05:00,119,tableau,top-n-analysis-sorting-tableau
325,2018-05-27 08:11:00,119,tableau,top-n-analysis-sorting-tableau
326,2018-04-18 11:19:00,120,rdbms,three-types-of-relationships-file-rdbms-34
326,2018-04-18 11:26:00,120,rdbms,introduction-file
326,2018-04-18 11:32:00,120,rdbms,introduction-file
326,2018-04-18 12:22:00,120,rdbms,expectation-from-you-file-rdbms-25
326,2018-04-18 12:40:00,120,rdbms,what-is-data-part-1-file-rdbms-26
326,2018-04-18 12:47:00,120,rdbms,what-is-data-part-2-file-rdbms-27
326,2018-04-18 12:47:00,120,rdbms,entities-file-rdbms-28
326,2018-04-18 12:53:00,120,rdbms,conceptual-model-file-rdbms-42
326,2018-04-18 12:54:00,120,rdbms,conceptual-model-file-rdbms-42
326,2018-04-19 05:38:00,120,rdbms,entities-and-relationships-example-file-rdbms-35
326,2018-04-19 05:52:00,120,rdbms,entities-and-relationships-example-file-rdbms-35
326,2018-04-19 06:00:00,120,rdbms,types-of-databases-file-rdbms-31
326,2018-04-19 06:02:00,120,rdbms,rdbms-products-in-the-market-file-rdbms-33
326,2018-04-19 06:03:00,120,rdbms,visualizing-data-file-rdbms-36
326,2018-04-19 06:03:00,120,rdbms,ef-codds-rules-file
326,2018-04-19 06:52:00,120,rdbms,representing-relationship-in-logical-and
326,2018-04-19 06:53:00,120,rdbms,conceptual-model-file-rdbms-42
326,2018-04-19 07:21:00,120,rdbms,sample-conceptual-model-file-rdbms-43
326,2018-04-19 07:33:00,120,rdbms,representing-relationship-in-logical-and
326,2018-04-20 02:52:00,120,rdbms,entities-and-relationships-example-file-rdbms-35
326,2018-04-20 02:55:00,120,rdbms,representing-relationship-in-logical-and
326,2018-04-20 03:11:00,120,rdbms,entities-and-relationships-example-file-rdbms-35
326,2018-04-21 12:38:00,120,rdbms,representing-relationship-in-logical-and
326,2018-04-21 13:05:00,120,rdbms,representing-relationship-in-logical-and
326,2018-04-21 13:06:00,120,rdbms,representing-relationship-in-logical-and
326,2018-04-21 13:16:00,120,rdbms,entities-file-rdbms-28
326,2018-04-21 13:40:00,120,rdbms,visualizing-retail-business-file-rdbms-29
326,2018-04-21 14:03:00,120,rdbms,databases-file-rdbms-30
326,2018-04-21 14:04:00,120,rdbms,databases-file-rdbms-30
326,2018-04-21 14:25:00,120,rdbms,types-of-databases-file-rdbms-31
326,2018-04-21 15:05:00,120,rdbms,rdbms-products-in-the-market-file-rdbms-33
326,2018-04-21 15:05:00,120,rdbms,three-types-of-relationships-file-rdbms-34
326,2018-04-21 15:05:00,120,rdbms,entities-and-relationships-example-file-rdbms-35
326,2018-04-21 15:07:00,120,rdbms,visualizing-data-file-rdbms-36
326,2018-04-21 15:07:00,120,rdbms,tables-in-rdbms-file-rdbms-37
326,2018-04-21 15:15:00,120,rdbms,primary-key-foreign-key-file-rdbms-38
326,2018-04-21 15:22:00,120,rdbms,representing-relationship-in-logical-and
326,2018-04-21 15:50:00,120,rdbms,sample-logical-model-file-rdbms-45
326,2018-04-21 15:59:00,120,rdbms,show-only-topic-1-rdbms-48
326,2018-04-21 16:00:00,120,rdbms,next-steps-file-rdbms-47
326,2018-04-21 16:02:00,120,rdbms,sample-questions-from-business-file-rdbms-46
326,2018-04-21 16:02:00,120,rdbms,sample-questions-from-business-file-rdbms-46
326,2018-04-21 16:03:00,120,rdbms,what-is-a-transaction-file-rdbms-40
326,2018-04-21 16:11:00,120,rdbms,what-is-a-transaction-file-rdbms-40
326,2018-04-21 16:11:00,120,rdbms,what-is-a-transaction-file-rdbms-40
326,2018-04-21 16:18:00,120,rdbms,acid-property-file-rdbms-41
326,2018-04-21 16:18:00,120,rdbms,what-is-data-part-1-file-rdbms-26
326,2018-04-21 16:23:00,120,rdbms,what-is-data-part-2-file-rdbms-27
326,2018-04-21 16:23:00,120,rdbms,what-is-data-part-2-file-rdbms-27
326,2018-04-23 23:49:00,120,oracle-sql,sql-simple-join-oracle-sql-121
332,2018-04-18 11:25:00,121,oracle-sql,introduction-to-sql-oracle-sql-102
332,2018-04-18 11:29:00,121,oracle-sql,introduction-to-sql-oracle-sql-102
332,2018-04-18 11:29:00,121,oracle-sql,introduction-to-sql-oracle-sql-102
332,2018-05-15 06:21:00,121,cata-warehouse-concepts,before-you-learn-dw-cata-warehouse-concepts-70
332,2018-05-15 06:50:00,121,cata-warehouse-concepts,introduction-to-dw-cata-warehouse-concepts-71
332,2018-05-15 07:02:00,121,cata-warehouse-concepts,differences-between-oltp-and-dw
332,2018-05-15 07:13:00,121,cata-warehouse-concepts,dw-architecture-cata-warehouse-concepts-73
332,2018-05-15 07:14:00,121,cata-warehouse-concepts,dw-architecture-cata-warehouse-concepts-73
332,2018-05-15 07:14:00,121,cata-warehouse-concepts,definition-of-dw-part-one-cata
332,2018-05-15 07:14:00,121,cata-warehouse-concepts,dw-architecture-cata-warehouse-concepts-73
342,2018-04-18 17:09:00,122,micro-strategy,derived-elements-micro-strategy-323
342,2018-04-18 17:09:00,122,oracle-sql,introduction-to-sql-oracle-sql-102
342,2018-04-18 17:11:00,122,micro-strategy,derived-elements-micro-strategy-323
342,2018-04-18 17:12:00,122,rdbms,introduction-file
342,2018-04-18 17:24:00,122,oracle-sql,sql_class_expectation-oracle-sql-103
342,2018-04-18 17:29:00,122,oracle-sql,understanding-oracle-database-connectivity
342,2018-04-18 17:35:00,122,oracle-sql,sql-introduction-and-types-of-sql-statem
342,2018-04-23 04:31:00,122,oracle-sql,sql-introduction-and-types-of-sql-statem
342,2018-04-23 04:35:00,122,oracle-sql,introduction_to_application-oracle-sql-106
342,2018-04-23 04:42:00,122,oracle-sql,data-definition-language-oracle-sql-107
342,2018-04-23 04:52:00,122,oracle-sql,data-manipulation-language-customer-oracle-sql-108
342,2018-05-14 06:51:00,122,oracle-plsql,introduction-to-pl-sql-oracle-plsql-133
342,2018-05-14 07:09:00,122,oracle-plsql,exception-handling-oracle-plsql-135
342,2018-05-14 07:29:00,122,oracle-plsql,no-data-found-and-update-dml-oracle-plsql-136
342,2018-05-14 07:30:00,122,oracle-plsql,exception-handling-oracle-plsql-135
342,2018-05-14 07:30:00,122,oracle-plsql,sample-pl-sql-block-oracle-plsql-134
342,2018-05-14 07:30:00,122,oracle-plsql,introduction-to-pl-sql-oracle-plsql-133
342,2018-05-14 07:30:00,122,oracle-plsql,sample-pl-sql-block-oracle-plsql-134
342,2018-05-14 07:30:00,122,oracle-plsql,exception-handling-oracle-plsql-135
342,2018-05-14 07:30:00,122,oracle-plsql,no-data-found-and-update-dml-oracle-plsql-136
342,2018-05-14 07:47:00,122,oracle-plsql,embedded-sql-oracle-plsql-137
342,2018-05-14 08:15:00,122,oracle-plsql,dealing-with-updates-in-pl-sql-oracle-plsql-138
342,2018-05-14 09:16:00,122,oracle-plsql,banking-process-scenario-with-deposit
342,2018-05-14 09:28:00,122,oracle-plsql,banking-process-scenario-withdraw-oracle-plsql-140
342,2018-05-14 09:40:00,122,oracle-plsql,banking-process-scenario-minimum-bal
342,2018-05-14 09:41:00,122,oracle-plsql,banking-process-scenario-minimum-bal
342,2018-05-14 09:42:00,122,oracle-plsql,exception-part-one-oracle-plsql-143
342,2018-05-14 09:47:00,122,oracle-plsql,exception-part-two-oracle-plsql-144
342,2018-05-14 09:51:00,122,oracle-plsql,loops-in-plsql-introduction-oracle-plsql-145
342,2018-05-14 09:51:00,122,oracle-plsql,block-with-in-block-problem-stateme
342,2018-05-14 10:18:00,122,oracle-plsql,block-with-in-block-example-one-oracle-plsql-147
342,2018-05-14 11:03:00,122,oracle-plsql,block-with-in-block-problem-stateme
342,2018-05-14 11:03:00,122,oracle-plsql,loops-in-plsql-introduction-oracle-plsql-145
342,2018-05-14 11:03:00,122,oracle-plsql,exception-part-two-oracle-plsql-144
342,2018-05-14 11:03:00,122,oracle-plsql,exception-part-one-oracle-plsql-143
342,2018-05-14 11:03:00,122,oracle-plsql,control-statement-if-then-else-oracle-plsql-142
342,2018-05-14 11:03:00,122,oracle-plsql,banking-process-scenario-minimum-bal
342,2018-05-14 11:03:00,122,oracle-plsql,banking-process-scenario-withdraw-oracle-plsql-140
342,2018-05-14 11:04:00,122,oracle-plsql,banking-process-scenario-with-deposit
342,2018-05-14 11:04:00,122,oracle-plsql,dealing-with-updates-in-pl-sql-oracle-plsql-138
342,2018-05-14 11:04:00,122,oracle-plsql,embedded-sql-oracle-plsql-137
342,2018-05-14 11:04:00,122,oracle-plsql,dealing-with-updates-in-pl-sql-oracle-plsql-138
342,2018-05-15 17:24:00,122,oracle-sql,sql-and-oracle-quiz-oracle-sql-131
342,2018-05-15 17:24:00,122,oracle-sql,select-more-about-joins-oracle-sql-130
342,2018-05-15 17:24:00,122,oracle-sql,select-more-about-joins-oracle-sql-130
342,2018-05-15 17:25:00,122,rdbms,identifying-entities-assignment-rdbms-49
342,2018-05-15 17:31:00,122,oracle-plsql,cursor-scenario-customer-grading-par
342,2018-05-28 00:45:00,122,cata-warehouse-concepts,before-you-learn-dw-cata-warehouse-concepts-70
342,2018-05-28 00:59:00,122,cata-warehouse-concepts,introduction-to-dw-cata-warehouse-concepts-71
342,2018-05-28 01:08:00,122,cata-warehouse-concepts,differences-between-oltp-and-dw
342,2018-05-28 01:20:00,122,cata-warehouse-concepts,dw-architecture-cata-warehouse-concepts-73
342,2018-05-28 01:21:00,122,cata-warehouse-concepts,differences-between-oltp-and-dw
342,2018-05-28 06:58:00,122,cata-warehouse-concepts,introduction-to-dw-cata-warehouse-concepts-71
342,2018-05-28 07:11:00,122,cata-warehouse-concepts,differences-between-oltp-and-dw
342,2018-05-28 07:42:00,122,cata-warehouse-concepts,dw-architecture-cata-warehouse-concepts-73
342,2018-05-28 08:08:00,122,cata-warehouse-concepts,dw-architecture-cata-warehouse-concepts-73
342,2018-05-28 08:08:00,122,cata-warehouse-concepts,definition-of-dw-part-one-cata
342,2018-05-28 08:09:00,122,cata-warehouse-concepts,dw-architecture-cata-warehouse-concepts-73
342,2018-05-28 08:09:00,122,cata-warehouse-concepts,definition-of-dw-part-one-cata
342,2018-05-28 08:22:00,122,cata-warehouse-concepts,definition-of-datawarehouse-part-ii
353,2018-05-16 03:43:00,123,cata-warehouse-concepts,introduction-to-dw-cata-warehouse-concepts-71
353,2018-05-16 03:43:00,123,cata-warehouse-concepts,introduction-to-dw-cata-warehouse-concepts-71
353,2018-05-16 03:45:00,123,cata-warehouse-concepts,introduction-to-dw-cata-warehouse-concepts-71
353,2018-05-16 03:52:00,123,oracle-sql,introduction-to-sql-oracle-sql-102
353,2018-05-16 05:55:00,123,cata-warehouse-concepts,before-you-learn-dw-cata-warehouse-concepts-70
353,2018-05-16 08:00:00,123,cata-warehouse-concepts,before-you-learn-dw-cata-warehouse-concepts-70
353,2018-05-17 16:41:00,123,oracle-sql,select-statement-subquery-oracle-sql-115
353,2018-05-18 15:56:00,123,oracle-sql,select-date-functions-oracle-sql-124
353,2018-05-23 05:48:00,123,cata-warehouse-concepts,differences-between-oltp-and-dw
353,2018-05-23 05:48:00,123,cata-warehouse-concepts,differences-between-oltp-and-dw
353,2018-05-23 05:51:00,123,cata-warehouse-concepts,introduction-to-dw-cata-warehouse-concepts-71
353,2018-05-23 05:51:00,123,cata-warehouse-concepts,introduction-to-dw-cata-warehouse-concepts-71
353,2018-05-23 05:51:00,123,cata-warehouse-concepts,differences-between-oltp-and-dw
353,2018-05-23 05:51:00,123,cata-warehouse-concepts,differences-between-oltp-and-dw
353,2018-05-23 06:14:00,123,cata-warehouse-concepts,dw-architecture-cata-warehouse-concepts-73
353,2018-05-23 06:14:00,123,cata-warehouse-concepts,definition-of-dw-part-one-cata
353,2018-05-23 06:14:00,123,cata-warehouse-concepts,definition-of-dw-part-one-cata
353,2018-05-23 06:36:00,123,cata-warehouse-concepts,definition-of-datawarehouse-part-ii
353,2018-05-23 06:36:00,123,cata-warehouse-concepts,definition-of-datawarehouse-part-ii
353,2018-05-24 00:50:00,123,tableau,creating-sets-and-calculations
353,2018-05-24 00:50:00,123,tableau,getting-started
353,2018-05-24 03:01:00,123,tableau,creating-sets-and-calculations
353,2018-05-24 03:02:00,123,tableau,tableau-architecture-and-product-suite-details-tab
353,2018-05-24 03:02:00,123,tableau,tree-maps-tableau
353,2018-05-24 16:12:00,123,tableau,tree-maps-tableau
353,2018-05-24 16:12:00,123,tableau,tree-maps-tableau
353,2018-05-24 16:13:00,123,tableau,top-n-analysis-sorting-tableau
353,2018-05-24 16:15:00,123,tableau,top-n-analysis-sorting-tableau
353,2018-05-24 17:08:00,123,tableau,parameters-part-1-tableau
353,2018-05-25 04:44:00,123,tableau,parameters-part-1-tableau
353,2018-05-25 14:05:00,123,cata-warehouse-concepts,dw-architecture-cata-warehouse-concepts-73
353,2018-05-25 14:06:00,123,cata-warehouse-concepts,differences-between-oltp-and-dw
353,2018-05-25 14:26:00,123,cata-warehouse-concepts,introduction-to-dw-cata-warehouse-concepts-71
353,2018-05-25 14:42:00,123,cata-warehouse-concepts,dw-architecture-cata-warehouse-concepts-73
353,2018-05-25 14:42:00,123,cata-warehouse-concepts,extract-process-in-etl-layer-cata
353,2018-05-25 15:54:00,123,cata-warehouse-concepts,differences-between-oltp-and-dw
353,2018-05-25 15:54:00,123,cata-warehouse-concepts,differences-between-oltp-and-dw
353,2018-05-27 13:56:00,123,cata-warehouse-concepts,different-approaches-to-build-dw
353,2018-05-27 14:11:00,123,cata-warehouse-concepts,difference-between-dw-and-data-mart
353,2018-05-27 14:20:00,123,cata-warehouse-concepts,difference-between-dw-and-data-mart
353,2018-05-27 14:22:00,123,cata-warehouse-concepts,dw-maturity-cata-warehouse-concepts-79
353,2018-05-27 14:39:00,123,oracle-sql,select-date-functions-oracle-sql-124
353,2018-05-27 14:39:00,123,oracle-sql,select-date-functions-oracle-sql-124
353,2018-05-27 14:54:00,123,oracle-sql,select-string-functions-oracle-sql-126
353,2018-05-27 14:55:00,123,oracle-sql,select-more-about-joins-oracle-sql-130
354,2018-05-23 04:29:00,124,oracle-sql,introduction-to-sql-oracle-sql-102
355,2018-04-30 11:09:00,125,oracle-sql,introduction-to-sql-oracle-sql-102
355,2018-04-30 11:31:00,125,oracle-sql,introduction-to-sql-oracle-sql-102
355,2018-04-30 11:32:00,125,oracle-sql,introduction-to-sql-oracle-sql-102
355,2018-05-07 05:46:00,125,oracle-sql,introduction-to-sql-oracle-sql-102
355,2018-05-07 05:55:00,125,oracle-sql,introduction-to-sql-oracle-sql-102
355,2018-05-07 05:55:00,125,rdbms,introduction-file
355,2018-05-07 05:55:00,125,rdbms,introduction-file
355,2018-05-07 05:56:00,125,cata-warehouse-concepts,before-you-learn-dw-cata-warehouse-concepts-70
355,2018-05-07 05:56:00,125,cata-warehouse-concepts,before-you-learn-dw-cata-warehouse-concepts-70
355,2018-05-07 05:56:00,125,rdbms,what-is-data-part-1-file-rdbms-26
355,2018-05-07 05:56:00,125,rdbms,what-is-data-part-1-file-rdbms-26
355,2018-05-07 06:02:00,125,rdbms,what-is-data-part-2-file-rdbms-27
355,2018-05-07 06:02:00,125,rdbms,entities-file-rdbms-28
355,2018-05-07 06:02:00,125,rdbms,entities-file-rdbms-28
355,2018-05-07 06:14:00,125,rdbms,visualizing-retail-business-file-rdbms-29
355,2018-05-07 06:26:00,125,rdbms,databases-file-rdbms-30
355,2018-05-07 06:33:00,125,rdbms,types-of-databases-file-rdbms-31
355,2018-05-07 06:46:00,125,rdbms,relational-dbms-file-rdbms-32
355,2018-05-07 06:47:00,125,rdbms,rdbms-products-in-the-market-file-rdbms-33
355,2018-05-07 06:56:00,125,rdbms,identifying-entities-assignment-rdbms-49
355,2018-05-07 06:56:00,125,rdbms,entities-and-relationships-assignment-rdbms-50
355,2018-05-07 06:56:00,125,rdbms,entities-and-relationships-assignment-rdbms-50
355,2018-05-07 06:56:00,125,rdbms,rdbms-concepts-quiz-rdbms-54
355,2018-05-07 06:57:00,125,rdbms,three-types-of-relationships-file-rdbms-34
355,2018-05-07 06:59:00,125,rdbms,entities-and-relationships-example-file-rdbms-35
355,2018-05-07 06:59:00,125,rdbms,visualizing-data-file-rdbms-36
355,2018-05-07 06:59:00,125,rdbms,visualizing-data-file-rdbms-36
355,2018-05-07 06:59:00,125,rdbms,tables-in-rdbms-file-rdbms-37
355,2018-05-07 06:59:00,125,rdbms,tables-in-rdbms-file-rdbms-37
355,2018-05-07 07:00:00,125,rdbms,entities-and-relationships-example-file-rdbms-35
355,2018-05-07 07:47:00,125,rdbms,visualizing-data-file-rdbms-36
355,2018-05-07 07:59:00,125,rdbms,tables-in-rdbms-file-rdbms-37
355,2018-05-07 08:10:00,125,rdbms,primary-key-foreign-key-file-rdbms-38
355,2018-05-07 09:15:00,125,rdbms,ef-codds-rules-file
355,2018-05-07 09:25:00,125,rdbms,what-is-a-transaction-file-rdbms-40
355,2018-05-07 09:30:00,125,rdbms,acid-property-file-rdbms-41
355,2018-05-07 09:36:00,125,rdbms,conceptual-model-file-rdbms-42
355,2018-05-07 09:48:00,125,rdbms,sample-conceptual-model-file-rdbms-43
355,2018-05-07 09:57:00,125,rdbms,representing-relationship-in-logical-and
355,2018-05-07 10:10:00,125,rdbms,sample-logical-model-file-rdbms-45
355,2018-05-07 10:16:00,125,rdbms,sample-questions-from-business-file-rdbms-46
355,2018-05-07 10:16:00,125,rdbms,sample-questions-from-business-file-rdbms-46
355,2018-05-07 10:16:00,125,rdbms,sample-questions-from-business-file-rdbms-46
355,2018-05-07 10:17:00,125,rdbms,next-steps-file-rdbms-47
355,2018-05-07 10:17:00,125,rdbms,next-steps-file-rdbms-47
355,2018-05-07 10:19:00,125,rdbms,show-only-topic-1-rdbms-48
355,2018-05-07 10:19:00,125,rdbms,show-only-topic-1-rdbms-48
355,2018-05-07 10:19:00,125,rdbms,rdbms-concepts-assignment-rdbms-52
355,2018-05-07 10:19:00,125,rdbms,rdbms-concepts-assignment-rdbms-52
355,2018-05-07 10:19:00,125,rdbms,project-rdbms-53
355,2018-05-07 10:19:00,125,rdbms,project-rdbms-53
355,2018-05-07 10:19:00,125,rdbms,rdbms-concepts-quiz-rdbms-54
355,2018-05-07 10:19:00,125,rdbms,rdbms-concepts-quiz-rdbms-54
355,2018-05-08 03:09:00,125,rdbms,introduction-file
355,2018-05-08 03:09:00,125,rdbms,expectation-from-you-file-rdbms-25
355,2018-05-08 03:09:00,125,rdbms,what-is-data-part-1-file-rdbms-26
355,2018-05-08 03:10:00,125,rdbms,entities-file-rdbms-28
355,2018-05-08 03:10:00,125,rdbms,databases-file-rdbms-30
355,2018-05-08 03:11:00,125,rdbms,visualizing-retail-business-file-rdbms-29
355,2018-05-08 03:11:00,125,rdbms,relational-dbms-file-rdbms-32
355,2018-05-08 03:12:00,125,rdbms,rdbms-products-in-the-market-file-rdbms-33
355,2018-05-08 03:14:00,125,rdbms,sample-conceptual-model-file-rdbms-43
355,2018-05-08 03:15:00,125,rdbms,conceptual-model-file-rdbms-42
355,2018-05-08 03:16:00,125,rdbms,sample-logical-model-file-rdbms-45
355,2018-05-13 14:39:00,125,rdbms,expectation-from-you-file-rdbms-25
355,2018-05-13 14:39:00,125,rdbms,what-is-data-part-1-file-rdbms-26
355,2018-05-13 14:46:00,125,rdbms,entities-file-rdbms-28
355,2018-05-13 15:16:00,125,rdbms,visualizing-retail-business-file-rdbms-29
359,2018-05-02 05:11:00,126,rdbms,introduction-file
359,2018-05-08 08:22:00,126,cata-warehouse-concepts,before-you-learn-dw-cata-warehouse-concepts-70
359,2018-05-08 08:28:00,126,desktop-intelligence,creating-formula-variables-in-reports
359,2018-05-09 16:21:00,126,tableau,getting-started
359,2018-05-09 16:32:00,126,tableau,creating-sets-and-calculations
360,2018-05-02 07:05:00,127,rdbms,visualizing-data-file-rdbms-36
360,2018-05-15 05:26:00,127,rdbms,introduction-file
360,2018-05-15 05:26:00,127,cata-warehouse-concepts,before-you-learn-dw-cata-warehouse-concepts-70
360,2018-05-15 05:26:00,127,cata-warehouse-concepts,before-you-learn-dw-cata-warehouse-concepts-70
360,2018-05-15 05:27:00,127,cata-warehouse-concepts,introduction-to-dw-cata-warehouse-concepts-71
360,2018-05-15 05:28:00,127,cata-warehouse-concepts,before-you-learn-dw-cata-warehouse-concepts-70
360,2018-05-15 06:59:00,127,cata-warehouse-concepts,introduction-to-dw-cata-warehouse-concepts-71
360,2018-05-15 09:11:00,127,cata-warehouse-concepts,introduction-to-dw-cata-warehouse-concepts-71
360,2018-05-15 09:21:00,127,cata-warehouse-concepts,differences-between-oltp-and-dw
360,2018-05-15 09:37:00,127,cata-warehouse-concepts,dw-architecture-cata-warehouse-concepts-73
360,2018-05-15 09:38:00,127,cata-warehouse-concepts,dw-architecture-cata-warehouse-concepts-73
360,2018-05-15 09:38:00,127,cata-warehouse-concepts,dw-architecture-cata-warehouse-concepts-73
360,2018-05-15 09:38:00,127,cata-warehouse-concepts,dw-architecture-cata-warehouse-concepts-73
360,2018-05-15 09:38:00,127,cata-warehouse-concepts,definition-of-dw-part-one-cata
360,2018-05-15 11:14:00,127,cata-warehouse-concepts,definition-of-dw-part-one-cata
362,2018-05-15 05:40:00,128,cata-warehouse-concepts,before-you-learn-dw-cata-warehouse-concepts-70
362,2018-05-15 05:44:00,128,cata-warehouse-concepts,introduction-to-dw-cata-warehouse-concepts-71
362,2018-05-15 06:13:00,128,cata-warehouse-concepts,differences-between-oltp-and-dw
362,2018-05-15 06:42:00,128,cata-warehouse-concepts,dw-architecture-cata-warehouse-concepts-73
362,2018-05-15 06:42:00,128,cata-warehouse-concepts,differences-between-oltp-and-dw
362,2018-05-15 06:42:00,128,cata-warehouse-concepts,dw-architecture-cata-warehouse-concepts-73
362,2018-05-15 06:43:00,128,cata-warehouse-concepts,definition-of-dw-part-one-cata
362,2018-05-15 06:53:00,128,cata-warehouse-concepts,definition-of-dw-part-one-cata
362,2018-05-15 06:53:00,128,cata-warehouse-concepts,dw-architecture-cata-warehouse-concepts-73
362,2018-05-15 06:54:00,128,cata-warehouse-concepts,definition-of-dw-part-one-cata
362,2018-05-15 09:00:00,128,cata-warehouse-concepts,definition-of-dw-part-one-cata
362,2018-05-15 09:02:00,128,cata-warehouse-concepts,definition-of-datawarehouse-part-ii
362,2018-05-15 09:13:00,128,cata-warehouse-concepts,definition-of-datawarehouse-part-iii
362,2018-05-15 09:26:00,128,cata-warehouse-concepts,different-approaches-to-build-dw
362,2018-05-15 10:06:00,128,cata-warehouse-concepts,difference-between-dw-and-data-mart
362,2018-05-15 11:03:00,128,cata-warehouse-concepts,dw-maturity-cata-warehouse-concepts-79
362,2018-05-15 11:17:00,128,cata-warehouse-concepts,data-granularity-cata-warehouse-concepts-80
362,2018-05-15 11:25:00,128,cata-warehouse-concepts,data-granularity-cata-warehouse-concepts-80
362,2018-05-15 16:27:00,128,cata-warehouse-concepts,itroduction-to-etl-extract-transfer-and-load
362,2018-05-16 05:14:00,128,cata-warehouse-concepts,itroduction-to-etl-extract-transfer-and-load
362,2018-05-16 05:20:00,128,cata-warehouse-concepts,itroduction-to-etl-extract-transfer-and-load
362,2018-05-16 05:31:00,128,cata-warehouse-concepts,itroduction-to-etl-extract-transfer-and-load
362,2018-05-16 05:32:00,128,cata-warehouse-concepts,extract-process-in-etl-layer-cata
362,2018-05-16 05:46:00,128,cata-warehouse-concepts,extract-scenarios-in-etl-layer
362,2018-05-16 05:55:00,128,cata-warehouse-concepts,transformation-process-in-etl-layer4
362,2018-05-16 06:52:00,128,cata-warehouse-concepts,different-transformations-in-etl-cata
362,2018-05-16 09:06:00,128,cata-warehouse-concepts,dw-maturity-cata-warehouse-concepts-79
362,2018-05-16 09:15:00,128,cata-warehouse-concepts,transformation-process-in-etl-layer4
362,2018-05-17 08:44:00,128,cata-warehouse-concepts,slowly-changing-dimension-scd1
362,2018-05-17 08:44:00,128,cata-warehouse-concepts,slowly-changing-dimension-scd2
362,2018-05-17 08:52:00,128,cata-warehouse-concepts,different-transformations-in-etl-cata
362,2018-05-17 09:10:00,128,cata-warehouse-concepts,loading-process-in-etl-layer-cata
362,2018-05-17 09:22:00,128,cata-warehouse-concepts,loading-process-in-etl-layer-cata
362,2018-05-17 09:31:00,128,cata-warehouse-concepts,data-modeling-in-dw-systems-cata
362,2018-05-17 09:34:00,128,cata-warehouse-concepts,data-modeling-in-dw-systems-cata
362,2018-05-17 10:29:00,128,cata-warehouse-concepts,difference-between-3rd-nf-and
362,2018-05-17 10:57:00,128,cata-warehouse-concepts,introduction-to-dimensional-modeling
362,2018-05-19 06:51:00,128,rdbms,identifying-entities-assignment-rdbms-49
362,2018-05-19 06:51:00,128,rdbms,entities-and-relationships-assignment-rdbms-50
362,2018-05-19 06:51:00,128,rdbms,rdbms-concepts-quiz-rdbms-54
363,2018-05-08 06:48:00,129,power-bi,power-bi-qa-power-bi-220
363,2018-05-08 06:49:00,129,power-bi,introduction-to-power-bi-power-bi-151
363,2018-05-08 07:27:00,129,integration-services,looping-over-files-integration-services-357
363,2018-05-08 07:30:00,129,integration-services,looping-over-files-integration-services-357
363,2018-05-08 07:31:00,129,integration-services,other-foreach-loops-integration-services-358
364,2018-05-04 07:37:00,130,oracle-sql,data-definition-language-oracle-sql-107
366,2018-05-07 11:26:00,131,rdbms,introduction-file
366,2018-05-07 11:27:00,131,rdbms,expectation-from-you-file-rdbms-25
366,2018-05-07 11:42:00,131,rdbms,expectation-from-you-file-rdbms-25
372,2018-05-15 10:03:00,132,oracle-sql,introduction-to-sql-oracle-sql-102
372,2018-05-15 10:06:00,132,oracle-sql,introduction-to-sql-oracle-sql-102
372,2018-05-25 10:20:00,132,rdbms,introduction-file
373,2018-05-15 07:59:00,133,oracle-sql,dml-scenario-phone-plan-oracle-sql-132
373,2018-05-15 08:01:00,133,oracle-sql,introduction-to-sql-oracle-sql-102
373,2018-05-24 09:10:00,133,rdbms,introduction-file
373,2018-05-24 09:11:00,133,rdbms,expectation-from-you-file-rdbms-25
373,2018-05-24 09:12:00,133,rdbms,visualizing-retail-business-file-rdbms-29
373,2018-05-25 10:18:00,133,oracle-sql,introduction-to-sql-oracle-sql-102
373,2018-05-25 10:35:00,133,rdbms,what-is-data-part-2-file-rdbms-27
375,2018-05-17 05:31:00,134,crystal-reports,what-you-will-need-crystal-reports-246
375,2018-05-17 09:36:00,134,oracle-sql,select-statement-dealing-part1-oracle-sql-113
375,2018-05-17 09:37:00,134,oracle-sql,writing-simple-select-clause
375,2018-05-17 09:37:00,134,oracle-sql,select-statement-dealing-part1-oracle-sql-113
375,2018-05-18 10:03:00,134,oracle-sql,introduction-to-sql-oracle-sql-102
375,2018-05-18 10:12:00,134,crystal-reports,what-you-will-need-crystal-reports-246
375,2018-05-18 10:12:00,134,cata-warehouse-concepts,before-you-learn-dw-cata-warehouse-concepts-70
375,2018-05-26 07:15:00,134,rdbms,introduction-file
375,2018-05-26 07:30:00,134,rdbms,expectation-from-you-file-rdbms-25
376,2018-05-25 05:59:00,135,tableau,getting-started
376,2018-05-26 03:51:00,135,tableau,getting-started
376,2018-05-26 05:32:00,135,tableau,getting-started
377,2018-05-18 21:47:00,136,rdbms,introduction-file
377,2018-05-19 03:11:00,136,oracle-sql,select-statement-dealing-part1-oracle-sql-113
377,2018-05-19 15:04:00,136,oracle-sql,writing-simple-select-clause
377,2018-05-19 15:04:00,136,oracle-sql,select-statement-dealing-part1-oracle-sql-113
377,2018-05-21 22:51:00,136,oracle-sql,group-by-and-having-clause-partii-oracle-sql-120
377,2018-05-23 03:19:00,136,oracle-sql,writing-simple-select-statements
377,2018-05-23 03:37:00,136,oracle-sql,writing-simple-select-clause
377,2018-05-23 04:55:00,136,oracle-sql,select-statement-dealing-part1-oracle-sql-113
377,2018-05-23 04:56:00,136,oracle-sql,introduction-to-aggregate-functions-part-i
377,2018-05-23 05:08:00,136,oracle-sql,introduction-to-aggregate-functions
377,2018-05-23 05:08:00,136,oracle-sql,introduction-to-aggregate-functions-part-i
377,2018-05-23 05:09:00,136,oracle-sql,introduction-to-aggregate-functions
377,2018-05-23 13:09:00,136,oracle-sql,writing-different-queries-on
377,2018-05-23 13:09:00,136,oracle-sql,select-date-functions-oracle-sql-124
377,2018-05-24 04:57:00,136,oracle-sql,group-by-and-having-clause-oracle-sql-118
377,2018-05-24 04:57:00,136,oracle-sql,group-by-and-having-clause-partii-oracle-sql-120
377,2018-05-24 04:57:00,136,oracle-sql,sql-and-oracle-quiz-oracle-sql-131
377,2018-05-24 04:57:00,136,oracle-sql,group-by-and-having-clause-oracle-sql-118
377,2018-05-24 18:51:00,136,rdbms,visualizing-data-file-rdbms-36
377,2018-05-25 01:18:00,136,oracle-sql,sql-introduction-and-types-of-sql-statem
377,2018-05-25 12:16:00,136,oracle-sql,introduction-to-aggregate-functions
377,2018-05-25 12:16:00,136,oracle-sql,sql-introduction-and-types-of-sql-statem
377,2018-05-25 12:16:00,136,oracle-sql,writing-different-queries-on
377,2018-05-25 12:17:00,136,rdbms,visualizing-data-file-rdbms-36
380,2018-05-25 05:12:00,138,rdbms,introduction-file
380,2018-05-25 05:17:00,138,integration-services,getting-started-integration-services-347
380,2018-05-25 05:17:00,138,integration-services,basic-transformations-integration-services-349
380,2018-05-25 05:22:00,138,power-bi,introduction-to-power-bi-power-bi-151
380,2018-05-25 05:22:00,138,sdlc,part-1-sdlc-344
380,2018-05-25 05:24:00,138,oracle-sql,introduction-to-sql-oracle-sql-102
380,2018-05-25 05:27:00,138,oracle-sql,introduction-to-sql-oracle-sql-102
380,2018-05-25 05:29:00,138,rdbms,introduction-file
380,2018-05-25 05:47:00,138,rdbms,introduction-file
380,2018-05-25 06:07:00,138,rdbms,expectation-from-you-file-rdbms-25
380,2018-05-25 06:15:00,138,rdbms,what-is-data-part-1-file-rdbms-26
380,2018-05-25 06:36:00,138,rdbms,what-is-data-part-2-file-rdbms-27
380,2018-05-25 06:36:00,138,rdbms,what-is-data-part-2-file-rdbms-27
380,2018-05-25 06:36:00,138,rdbms,what-is-data-part-2-file-rdbms-27
380,2018-05-25 06:36:00,138,rdbms,entities-file-rdbms-28
380,2018-05-25 06:36:00,138,rdbms,what-is-data-part-2-file-rdbms-27
380,2018-05-25 06:36:00,138,rdbms,what-is-data-part-1-file-rdbms-26
380,2018-05-25 06:36:00,138,rdbms,what-is-data-part-2-file-rdbms-27
380,2018-05-25 06:36:00,138,rdbms,entities-file-rdbms-28
380,2018-05-25 06:45:00,138,rdbms,visualizing-retail-business-file-rdbms-29
380,2018-05-25 06:50:00,138,rdbms,databases-file-rdbms-30
380,2018-05-25 06:53:00,138,rdbms,types-of-databases-file-rdbms-31
380,2018-05-25 14:00:00,138,rdbms,databases-file-rdbms-30
380,2018-05-25 14:12:00,138,rdbms,types-of-databases-file-rdbms-31
380,2018-05-25 14:37:00,138,rdbms,relational-dbms-file-rdbms-32
380,2018-05-25 14:37:00,138,rdbms,relational-dbms-file-rdbms-32
380,2018-05-25 14:41:00,138,rdbms,rdbms-products-in-the-market-file-rdbms-33
380,2018-05-25 14:50:00,138,rdbms,three-types-of-relationships-file-rdbms-34
380,2018-05-26 05:25:00,138,rdbms,rdbms-products-in-the-market-file-rdbms-33
380,2018-05-26 05:26:00,138,rdbms,three-types-of-relationships-file-rdbms-34
380,2018-05-26 05:26:00,138,rdbms,entities-and-relationships-example-file-rdbms-35
380,2018-05-26 05:27:00,138,rdbms,entities-and-relationships-example-file-rdbms-35
380,2018-05-26 05:41:00,138,rdbms,visualizing-data-file-rdbms-36
380,2018-05-26 05:59:00,138,rdbms,tables-in-rdbms-file-rdbms-37
380,2018-05-26 06:12:00,138,rdbms,primary-key-foreign-key-file-rdbms-38
380,2018-05-26 06:26:00,138,rdbms,ef-codds-rules-file
380,2018-05-26 06:43:00,138,rdbms,what-is-a-transaction-file-rdbms-40
380,2018-05-26 06:44:00,138,rdbms,what-is-a-transaction-file-rdbms-40
380,2018-05-26 06:52:00,138,rdbms,acid-property-file-rdbms-41
380,2018-05-26 07:00:00,138,rdbms,conceptual-model-file-rdbms-42
380,2018-05-26 08:35:00,138,rdbms,sample-conceptual-model-file-rdbms-43
380,2018-05-26 08:40:00,138,rdbms,representing-relationship-in-logical-and
380,2018-05-26 08:53:00,138,rdbms,sample-logical-model-file-rdbms-45
380,2018-05-26 08:57:00,138,rdbms,sample-questions-from-business-file-rdbms-46
380,2018-05-26 09:01:00,138,rdbms,next-steps-file-rdbms-47
380,2018-05-26 09:31:00,138,rdbms,show-only-topic-1-rdbms-48
380,2018-05-26 09:31:00,138,rdbms,next-steps-file-rdbms-47
380,2018-05-26 09:31:00,138,rdbms,show-only-topic-1-rdbms-48
380,2018-05-26 09:31:00,138,rdbms,show-only-topic-1-rdbms-48
380,2018-05-26 09:32:00,138,rdbms,identifying-entities-assignment-rdbms-49
380,2018-05-26 09:32:00,138,rdbms,entities-and-relationships-assignment-rdbms-50
380,2018-05-26 09:32:00,138,rdbms,visualize-data-assignment-rdbms-51
380,2018-05-26 09:32:00,138,rdbms,rdbms-concepts-assignment-rdbms-52
380,2018-05-26 09:33:00,138,rdbms,project-rdbms-53
380,2018-05-26 09:33:00,138,rdbms,rdbms-concepts-quiz-rdbms-54
380,2018-05-26 09:33:00,138,rdbms,sample-logical-model-file-rdbms-45
380,2018-05-26 09:33:00,138,rdbms,sample-questions-from-business-file-rdbms-46
380,2018-05-26 09:34:00,138,rdbms,identifying-entities-assignment-rdbms-49
380,2018-05-26 09:35:00,138,oracle-sql,sql-and-oracle-quiz-oracle-sql-131
380,2018-05-26 09:35:00,138,oracle-sql,introduction-to-sql-oracle-sql-102
380,2018-05-26 09:47:00,138,oracle-sql,sql_class_expectation-oracle-sql-103
380,2018-05-26 09:50:00,138,oracle-sql,understanding-oracle-database-connectivity
380,2018-05-26 09:51:00,138,oracle-sql,understanding-oracle-database-connectivity
380,2018-05-26 09:57:00,138,oracle-sql,sql_class_expectation-oracle-sql-103
380,2018-05-26 09:58:00,138,oracle-sql,understanding-oracle-database-connectivity
380,2018-05-26 10:04:00,138,oracle-sql,sql-introduction-and-types-of-sql-statem
380,2018-05-26 10:04:00,138,oracle-sql,introduction_to_application-oracle-sql-106
380,2018-05-26 17:07:00,138,oracle-sql,data-definition-language-oracle-sql-107
380,2018-05-26 17:07:00,138,oracle-sql,data-definition-language-oracle-sql-107
380,2018-05-26 17:30:00,138,oracle-sql,data-manipulation-language-customer-oracle-sql-108
380,2018-05-26 17:46:00,138,oracle-sql,writing-simple-select-statements-oracle-sql-109
380,2018-05-26 17:57:00,138,oracle-sql,data-manipulation-language-oracle-sql-110
380,2018-05-26 17:59:00,138,oracle-sql,select-full-outer-join-oracle-sql-129
380,2018-05-26 17:59:00,138,oracle-sql,data-manipulation-language-oracle-sql-110
380,2018-05-26 18:05:00,138,oracle-sql,data-manipulation-language-oracle-sql-110
380,2018-05-26 18:10:00,138,oracle-sql,dml-scenario-phone-plan-oracle-sql-132
380,2018-05-26 18:27:00,138,oracle-sql,writing-simple-select-statements
380,2018-05-26 18:35:00,138,oracle-sql,writing-simple-select-clause
380,2018-05-26 18:50:00,138,oracle-sql,select-statement-dealing-part1-oracle-sql-113
380,2018-05-26 19:07:00,138,oracle-sql,select-statement-dealing-part2-oracle-sql-114
380,2018-05-26 19:21:00,138,oracle-sql,select-statement-subquery-oracle-sql-115
380,2018-05-27 00:03:00,138,oracle-sql,introduction-to-aggregate-functions-part-i
380,2018-05-27 00:11:00,138,oracle-sql,introduction-to-aggregate-functions
380,2018-05-27 02:13:00,138,oracle-sql,group-by-and-having-clause-oracle-sql-118
380,2018-05-27 02:13:00,138,oracle-sql,group-by-and-having-clause-oracle-sql-118
380,2018-05-27 02:13:00,138,oracle-sql,writing-different-queries-on
380,2018-05-27 02:13:00,138,oracle-sql,writing-different-queries-on
380,2018-05-27 02:40:00,138,oracle-sql,group-by-and-having-clause-partii-oracle-sql-120
380,2018-05-27 04:54:00,138,oracle-sql,sql-simple-join-oracle-sql-121
380,2018-05-27 05:18:00,138,oracle-sql,select-simple-join-partii-oracle-sql-122
380,2018-05-27 05:34:00,138,oracle-sql,select-outer-join-oracle-sql-123
380,2018-05-27 05:47:00,138,oracle-sql,select-date-functions-oracle-sql-124
380,2018-05-27 06:14:00,138,oracle-sql,select-number-functions-oracle-sql-125
380,2018-05-27 06:22:00,138,oracle-sql,select-string-functions-oracle-sql-126
380,2018-05-27 06:43:00,138,oracle-sql,select-string-function-part-ii-oracle-sql-127
380,2018-05-27 06:53:00,138,oracle-sql,select-simple-join-three-tables-oracle-sql-128
380,2018-05-27 16:07:00,138,oracle-sql,select-full-outer-join-oracle-sql-129
380,2018-05-27 16:20:00,138,oracle-sql,select-more-about-joins-oracle-sql-130
380,2018-05-28 04:56:00,138,oracle-sql,sql_class_expectation-oracle-sql-103
380,2018-05-28 04:57:00,138,oracle-sql,sql-and-oracle-quiz-oracle-sql-131
383,2018-05-26 01:52:00,139,rdbms,what-is-data-part-1-file-rdbms-26
385,2018-05-25 15:38:00,140,oracle-sql,sql-simple-join-oracle-sql-121
385,2018-05-25 15:39:00,140,oracle-plsql,exception-handling-oracle-plsql-135
385,2018-05-25 15:40:00,140,oracle-plsql,no-data-found-and-update-dml-oracle-plsql-136
385,2018-05-25 15:41:00,140,oracle-sql,sql-simple-join-oracle-sql-121
386,2018-05-27 11:09:00,141,rdbms,tables-in-rdbms-file-rdbms-37
386,2018-05-27 11:12:00,141,rdbms,tables-in-rdbms-file-rdbms-37
386,2018-05-27 15:59:00,141,rdbms,tables-in-rdbms-file-rdbms-37
386,2018-05-27 16:14:00,141,rdbms,primary-key-foreign-key-file-rdbms-38
386,2018-05-27 16:27:00,141,rdbms,ef-codds-rules-file
386,2018-05-27 16:27:00,141,rdbms,ef-codds-rules-file
386,2018-05-27 17:00:00,141,rdbms,what-is-a-transaction-file-rdbms-40
386,2018-05-27 17:00:00,141,rdbms,what-is-a-transaction-file-rdbms-40
